-- phpMyAdmin SQL Dump
-- version 5.2.1
-- https://www.phpmyadmin.net/
--
-- Máy chủ: db:3306
-- Thời gian đã tạo: Th10 09, 2024 lúc 05:03 AM
-- Phiên bản máy phục vụ: 8.0.38
-- Phiên bản PHP: 8.2.8

SET SQL_MODE = "NO_AUTO_VALUE_ON_ZERO";
START TRANSACTION;
SET time_zone = "+00:00";


/*!40101 SET @OLD_CHARACTER_SET_CLIENT=@@CHARACTER_SET_CLIENT */;
/*!40101 SET @OLD_CHARACTER_SET_RESULTS=@@CHARACTER_SET_RESULTS */;
/*!40101 SET @OLD_COLLATION_CONNECTION=@@COLLATION_CONNECTION */;
/*!40101 SET NAMES utf8mb4 */;

--
-- Cơ sở dữ liệu: `chat_app`
--

-- --------------------------------------------------------

--
-- Cấu trúc bảng cho bảng `chat_rooms`
--

CREATE TABLE `chat_rooms` (
  `id` char(36) NOT NULL,
  `name` varchar(100) NOT NULL,
  `type` enum('PUBLIC','GROUP','PRIVATE') NOT NULL,
  `created_at` timestamp NULL DEFAULT CURRENT_TIMESTAMP
) ENGINE=InnoDB DEFAULT CHARSET=utf8mb4 COLLATE=utf8mb4_0900_ai_ci;

--
-- Đang đổ dữ liệu cho bảng `chat_rooms`
--

INSERT INTO `chat_rooms` (`id`, `name`, `type`, `created_at`) VALUES
('9932ca42-9a7e-11ef-81cf-0242ac140004', 'Một phòng gì đó', 'GROUP', '2024-11-04 07:29:59'),
('cb6e6cb1-975f-11ef-8682-0242ac140002', 'Chat Tổng', 'PUBLIC', '2024-10-31 08:11:56');

-- --------------------------------------------------------

--
-- Cấu trúc bảng cho bảng `messages`
--

CREATE TABLE `messages` (
  `id` char(36) NOT NULL,
  `room_id` char(36) NOT NULL,
  `sender_id` char(36) NOT NULL,
  `content` text NOT NULL,
  `message_type` enum('CHAT','JOIN','LEAVE') NOT NULL,
  `created_at` timestamp NULL DEFAULT CURRENT_TIMESTAMP
) ENGINE=InnoDB DEFAULT CHARSET=utf8mb4 COLLATE=utf8mb4_0900_ai_ci;

--
-- Đang đổ dữ liệu cho bảng `messages`
--

INSERT INTO `messages` (`id`, `room_id`, `sender_id`, `content`, `message_type`, `created_at`) VALUES
('004f17ee-45ca-442a-92d8-d9996535c075', 'cb6e6cb1-975f-11ef-8682-0242ac140002', 'ec46e624-9735-11ef-8682-0242ac140002', 'admin has left!', 'LEAVE', '2024-11-08 15:32:52'),
('005ce9a7-9d9f-4322-a187-8dec5969ed05', '9932ca42-9a7e-11ef-81cf-0242ac140004', 'ec46e624-9735-11ef-8682-0242ac140002', 'admin đã tham gia!', 'JOIN', '2024-11-06 10:58:40'),
('00e1a37e-455a-496e-a25b-629685b439ce', 'cb6e6cb1-975f-11ef-8682-0242ac140002', 'ec46e624-9735-11ef-8682-0242ac140002', 'admin đã tham gia!', 'JOIN', '2024-11-07 16:55:46'),
('01e1e1a3-16ca-4fc3-a394-4c5cec48362b', 'cb6e6cb1-975f-11ef-8682-0242ac140002', 'ec46e624-9735-11ef-8682-0242ac140002', 'admin has left!', 'LEAVE', '2024-11-09 02:39:23'),
('020e23a5-dfdf-4f3a-a680-11b80016c7ee', 'cb6e6cb1-975f-11ef-8682-0242ac140002', 'ec46e624-9735-11ef-8682-0242ac140002', 'admin has left!', 'LEAVE', '2024-11-09 03:40:12'),
('022ada57-d824-46f4-a4f1-2a5a21a9504e', 'cb6e6cb1-975f-11ef-8682-0242ac140002', 'ec46e41d-9735-11ef-8682-0242ac140002', 'user5 has left!', 'LEAVE', '2024-11-07 15:47:57'),
('03e2d998-7079-4079-b430-42f9fa0a1a7f', 'cb6e6cb1-975f-11ef-8682-0242ac140002', 'ec46e624-9735-11ef-8682-0242ac140002', 'admin has left!', 'LEAVE', '2024-11-06 11:22:19'),
('049db3a8-4fbf-48d0-b5fe-2cfc01cdbcd6', 'cb6e6cb1-975f-11ef-8682-0242ac140002', '65633435-6266-3165-2d39-3733352d3131', 'user1 has left!', 'LEAVE', '2024-11-08 15:25:30'),
('04e7164c-989e-493f-8a56-24f6637fe073', 'cb6e6cb1-975f-11ef-8682-0242ac140002', 'ec46e624-9735-11ef-8682-0242ac140002', 'admin đã tham gia!', 'JOIN', '2024-11-07 15:56:09'),
('05fedd99-5871-49f2-9c96-bf9593cfa87d', 'cb6e6cb1-975f-11ef-8682-0242ac140002', 'ec46e624-9735-11ef-8682-0242ac140002', 'admin đã tham gia!', 'JOIN', '2024-11-06 16:44:46'),
('069e6122-5992-4855-94e5-91f084f1616e', 'cb6e6cb1-975f-11ef-8682-0242ac140002', 'ec46e624-9735-11ef-8682-0242ac140002', 'hi', 'CHAT', '2024-11-08 16:54:13'),
('0746421a-2345-4f36-aeb4-4b6a07349eca', 'cb6e6cb1-975f-11ef-8682-0242ac140002', 'ec46e624-9735-11ef-8682-0242ac140002', 'admin đã tham gia!', 'JOIN', '2024-11-08 16:14:57'),
('07665b04-f5ad-4d7f-bbbf-f43a3680f24c', 'cb6e6cb1-975f-11ef-8682-0242ac140002', 'ec46e624-9735-11ef-8682-0242ac140002', 'admin đã tham gia!', 'JOIN', '2024-11-06 10:54:05'),
('07a12705-b6b3-42dc-b0f1-9e80b2e5f301', 'cb6e6cb1-975f-11ef-8682-0242ac140002', '65633435-6266-3165-2d39-3733352d3131', 'user1 đã tham gia!', 'JOIN', '2024-11-08 16:05:51'),
('09a51a95-eeba-41a6-bfab-5f74e4be7173', 'cb6e6cb1-975f-11ef-8682-0242ac140002', '65633435-6266-3165-2d39-3733352d3131', 'user1 đã tham gia!', 'JOIN', '2024-11-08 15:30:56'),
('0a453006-a607-4ca5-b168-b9094f72f503', 'cb6e6cb1-975f-11ef-8682-0242ac140002', 'ec46e624-9735-11ef-8682-0242ac140002', 'admin has left!', 'LEAVE', '2024-11-09 03:17:53'),
('0a4db68f-3cdf-4253-abd0-6f6be580dc09', 'cb6e6cb1-975f-11ef-8682-0242ac140002', 'ec46e624-9735-11ef-8682-0242ac140002', 'admin has left!', 'LEAVE', '2024-11-09 01:44:52'),
('0a686ea8-cab3-4db8-a9d6-d814703755b2', 'cb6e6cb1-975f-11ef-8682-0242ac140002', '65633435-6266-3165-2d39-3733352d3131', 'user1 has left!', 'LEAVE', '2024-11-07 16:24:25'),
('0a7a31cd-55d3-4851-94e3-2f379cb9ac22', 'cb6e6cb1-975f-11ef-8682-0242ac140002', 'ec46e624-9735-11ef-8682-0242ac140002', 'admin đã tham gia!', 'JOIN', '2024-11-08 16:01:38'),
('0b01e537-485e-4fe9-9acd-609d9d1573c9', 'cb6e6cb1-975f-11ef-8682-0242ac140002', '65633435-6266-3165-2d39-3733352d3131', 'user1 has left!', 'LEAVE', '2024-11-09 03:54:12'),
('0b8dcabd-8ed1-4633-a3ad-9d0a01a92f50', 'cb6e6cb1-975f-11ef-8682-0242ac140002', 'ec46e624-9735-11ef-8682-0242ac140002', 'admin đã tham gia!', 'JOIN', '2024-11-06 16:21:17'),
('0d4e38e1-5544-4f88-99e2-169ee0473b15', 'cb6e6cb1-975f-11ef-8682-0242ac140002', 'ec46e624-9735-11ef-8682-0242ac140002', 'admin has left!', 'LEAVE', '2024-11-09 02:39:53'),
('0e5e2f53-f01b-4eca-a474-2680e81047c2', 'cb6e6cb1-975f-11ef-8682-0242ac140002', 'ec46e624-9735-11ef-8682-0242ac140002', 'admin has left!', 'LEAVE', '2024-11-09 02:39:47'),
('0e86c201-6881-4634-b173-160c906caadc', 'cb6e6cb1-975f-11ef-8682-0242ac140002', 'ec46e624-9735-11ef-8682-0242ac140002', 'admin đã tham gia!', 'JOIN', '2024-11-06 11:40:17'),
('0f1a3d0e-92f2-4a7f-b20c-01482e39567e', 'cb6e6cb1-975f-11ef-8682-0242ac140002', 'ec46e624-9735-11ef-8682-0242ac140002', 'hello', 'CHAT', '2024-11-07 14:48:26'),
('0f6092ad-8073-4925-bb5d-21b590c8146a', 'cb6e6cb1-975f-11ef-8682-0242ac140002', 'ec46e624-9735-11ef-8682-0242ac140002', 'admin has left!', 'LEAVE', '2024-11-09 02:02:23'),
('0f7b0c9a-d9f0-42d5-88c7-cf001092f522', 'cb6e6cb1-975f-11ef-8682-0242ac140002', '65633435-6266-3165-2d39-3733352d3131', 'hi', 'CHAT', '2024-11-07 17:06:31'),
('0fddf813-0cdd-4596-9175-d82b57683181', 'cb6e6cb1-975f-11ef-8682-0242ac140002', 'ec46e624-9735-11ef-8682-0242ac140002', 'admin has left!', 'LEAVE', '2024-11-09 02:41:17'),
('0fe2327e-cb22-4e76-bf7d-3b6ea6ba9118', 'cb6e6cb1-975f-11ef-8682-0242ac140002', '65633435-6266-3165-2d39-3733352d3131', 'user1 has left!', 'LEAVE', '2024-11-07 13:52:11'),
('1008ac5b-22ae-472e-860d-7aa7ec3900e9', 'cb6e6cb1-975f-11ef-8682-0242ac140002', 'ec46e624-9735-11ef-8682-0242ac140002', 'admin đã tham gia!', 'JOIN', '2024-11-08 16:45:32'),
('10398f94-0138-4805-97a0-26c7c8904761', 'cb6e6cb1-975f-11ef-8682-0242ac140002', 'ec46e624-9735-11ef-8682-0242ac140002', 'admin has left!', 'LEAVE', '2024-11-06 10:34:55'),
('104a3afa-f5d5-4343-8646-eb3cfb3c73bc', 'cb6e6cb1-975f-11ef-8682-0242ac140002', 'ec46e624-9735-11ef-8682-0242ac140002', 'admin has left!', 'LEAVE', '2024-11-09 01:22:12'),
('12e648ca-7279-4f7a-9fec-4709082eb3b3', 'cb6e6cb1-975f-11ef-8682-0242ac140002', 'ec46e624-9735-11ef-8682-0242ac140002', 'hi', 'CHAT', '2024-11-07 17:06:11'),
('13101e94-83bb-4efa-80d9-55557843a5fe', 'cb6e6cb1-975f-11ef-8682-0242ac140002', 'ec46e624-9735-11ef-8682-0242ac140002', 'admin has left!', 'LEAVE', '2024-11-06 10:55:16'),
('136498c5-dff9-4f4b-a5b7-cfedfcd5d000', 'cb6e6cb1-975f-11ef-8682-0242ac140002', 'ec46e624-9735-11ef-8682-0242ac140002', 'admin has left!', 'LEAVE', '2024-11-07 15:39:50'),
('13beca4d-4236-4863-ab81-9881326b36d1', 'cb6e6cb1-975f-11ef-8682-0242ac140002', '65633435-6266-3165-2d39-3733352d3131', 'user1 đã tham gia!', 'JOIN', '2024-11-08 16:15:07'),
('141f638a-6adb-4334-9960-047da283e653', 'cb6e6cb1-975f-11ef-8682-0242ac140002', 'ec46e624-9735-11ef-8682-0242ac140002', 'admin đã tham gia!', 'JOIN', '2024-11-06 16:57:22'),
('148d9cb9-23b9-469e-b338-c565355fc384', 'cb6e6cb1-975f-11ef-8682-0242ac140002', 'ec46e624-9735-11ef-8682-0242ac140002', 'admin đã tham gia!', 'JOIN', '2024-11-06 11:40:36'),
('14f7dcd8-da18-4432-8c17-21f05ed8794f', 'cb6e6cb1-975f-11ef-8682-0242ac140002', 'ec46e624-9735-11ef-8682-0242ac140002', 'admin đã tham gia!', 'JOIN', '2024-11-06 10:37:16'),
('1672548d-a25c-486d-a320-d901ec922fa3', 'cb6e6cb1-975f-11ef-8682-0242ac140002', '65633435-6266-3165-2d39-3733352d3131', 'user1 đã tham gia!', 'JOIN', '2024-11-07 16:26:50'),
('17aa9c44-fdb8-450c-b08f-8eb9721f3a51', 'cb6e6cb1-975f-11ef-8682-0242ac140002', 'ec46e624-9735-11ef-8682-0242ac140002', 'admin đã tham gia!', 'JOIN', '2024-11-07 14:47:56'),
('17ef2e9e-3f1b-461e-805a-4d686661325e', 'cb6e6cb1-975f-11ef-8682-0242ac140002', '65633435-6266-3165-2d39-3733352d3131', 'user1 đã tham gia!', 'JOIN', '2024-11-07 15:56:28'),
('18b1d508-1697-4487-ace2-5268d2456a23', 'cb6e6cb1-975f-11ef-8682-0242ac140002', '65633435-6266-3165-2d39-3733352d3131', 'user1 đã tham gia!', 'JOIN', '2024-11-08 15:32:39'),
('18f78aac-e419-4cc2-8db9-81bea2c16df7', 'cb6e6cb1-975f-11ef-8682-0242ac140002', '65633435-6266-3165-2d39-3733352d3131', 'user1 has left!', 'LEAVE', '2024-11-07 14:05:13'),
('19568c19-c847-4533-b136-054373c8f8e0', 'cb6e6cb1-975f-11ef-8682-0242ac140002', 'ec46e624-9735-11ef-8682-0242ac140002', 'admin has left!', 'LEAVE', '2024-11-09 02:26:05'),
('1afaaf32-613a-4828-ac63-a93a53860d5c', 'cb6e6cb1-975f-11ef-8682-0242ac140002', 'ec46e624-9735-11ef-8682-0242ac140002', 'admin has left!', 'LEAVE', '2024-11-09 03:54:40'),
('1b77b2b7-6518-48fb-b676-75ba1d4f5683', 'cb6e6cb1-975f-11ef-8682-0242ac140002', 'ec46e624-9735-11ef-8682-0242ac140002', 'admin đã tham gia!', 'JOIN', '2024-11-06 11:40:21'),
('1cd8a9f4-6679-4c23-ab98-b947afb3ae22', 'cb6e6cb1-975f-11ef-8682-0242ac140002', 'ec46e624-9735-11ef-8682-0242ac140002', 'admin has left!', 'LEAVE', '2024-11-08 15:28:03'),
('1cec8f74-2930-4206-bd89-2877acba5958', 'cb6e6cb1-975f-11ef-8682-0242ac140002', '65633435-6266-3165-2d39-3733352d3131', 'hi', 'CHAT', '2024-11-07 13:08:05'),
('1f6f1647-4f37-4ab9-929e-ef3a358d6294', 'cb6e6cb1-975f-11ef-8682-0242ac140002', 'ec46e624-9735-11ef-8682-0242ac140002', 'admin đã tham gia!', 'JOIN', '2024-11-06 11:06:28'),
('1fa211c5-8492-4e37-b663-15e8ac516cdd', 'cb6e6cb1-975f-11ef-8682-0242ac140002', 'ec46e624-9735-11ef-8682-0242ac140002', 'admin has left!', 'LEAVE', '2024-11-06 16:57:42'),
('1ff0bf4c-b580-4d3b-bbf6-2d373818b0e7', 'cb6e6cb1-975f-11ef-8682-0242ac140002', 'ec46e624-9735-11ef-8682-0242ac140002', 'admin has left!', 'LEAVE', '2024-11-09 03:12:50'),
('20b4f9f8-b921-4f94-8853-63d165ed7966', 'cb6e6cb1-975f-11ef-8682-0242ac140002', 'ec46e624-9735-11ef-8682-0242ac140002', 'admin đã tham gia!', 'JOIN', '2024-11-06 10:55:16'),
('20d3ef37-5891-498e-ab43-6e4ed8453b21', 'cb6e6cb1-975f-11ef-8682-0242ac140002', 'ec46e624-9735-11ef-8682-0242ac140002', 'admin has left!', 'LEAVE', '2024-11-07 16:08:56'),
('21141074-727f-4936-9a4a-c967a25d0622', 'cb6e6cb1-975f-11ef-8682-0242ac140002', 'ec46e624-9735-11ef-8682-0242ac140002', 'hello', 'CHAT', '2024-11-07 14:48:45'),
('219b663e-bd8e-48bf-aa2b-4ac4a49bbc52', 'cb6e6cb1-975f-11ef-8682-0242ac140002', 'ec46e624-9735-11ef-8682-0242ac140002', 'admin has left!', 'LEAVE', '2024-11-07 16:01:43'),
('21c67ff8-7c08-4764-948d-2b5cde49c9d2', 'cb6e6cb1-975f-11ef-8682-0242ac140002', 'ec46e624-9735-11ef-8682-0242ac140002', 'admin đã tham gia!', 'JOIN', '2024-11-06 11:19:36'),
('22531830-ec19-42d9-9d32-911eb7df8805', 'cb6e6cb1-975f-11ef-8682-0242ac140002', '65633435-6266-3165-2d39-3733352d3131', 'hi', 'CHAT', '2024-11-07 14:03:37'),
('22ca74f2-3039-4602-9cc3-9b250a45a2c1', 'cb6e6cb1-975f-11ef-8682-0242ac140002', 'ec46e5c5-9735-11ef-8682-0242ac140002', 'user9 has left!', 'LEAVE', '2024-11-08 15:55:01'),
('22ed0225-832c-4b47-9be1-6f6a189ffe65', 'cb6e6cb1-975f-11ef-8682-0242ac140002', 'ec46e624-9735-11ef-8682-0242ac140002', 'admin has left!', 'LEAVE', '2024-11-09 02:36:04'),
('2340991a-8a49-430e-9017-aad0f1c025a4', 'cb6e6cb1-975f-11ef-8682-0242ac140002', 'ec46e624-9735-11ef-8682-0242ac140002', 'admin has left!', 'LEAVE', '2024-11-09 06:58:14'),
('235abeed-40f0-4024-8ed6-df9d70a8b096', 'cb6e6cb1-975f-11ef-8682-0242ac140002', 'ec46e624-9735-11ef-8682-0242ac140002', 'admin has left!', 'LEAVE', '2024-11-06 16:21:26'),
('23860483-9fad-4158-8330-bb351dabb514', 'cb6e6cb1-975f-11ef-8682-0242ac140002', 'ec46e624-9735-11ef-8682-0242ac140002', 'admin has left!', 'LEAVE', '2024-11-06 11:16:28'),
('23c59020-7ba3-4558-a21a-669ddaddf55c', 'cb6e6cb1-975f-11ef-8682-0242ac140002', 'ec46e624-9735-11ef-8682-0242ac140002', 'admin has left!', 'LEAVE', '2024-11-08 15:44:13'),
('25474bed-2552-4351-b3e7-58cded0c761a', 'cb6e6cb1-975f-11ef-8682-0242ac140002', 'ec46e624-9735-11ef-8682-0242ac140002', 'admin has left!', 'LEAVE', '2024-11-09 02:44:11'),
('2610e66c-237a-414f-9aae-4a1f8b40fcd5', 'cb6e6cb1-975f-11ef-8682-0242ac140002', 'ec46e624-9735-11ef-8682-0242ac140002', 'admin has left!', 'LEAVE', '2024-11-06 10:54:05'),
('2744f026-d63b-4683-a4b5-fdcb5c64d4e0', 'cb6e6cb1-975f-11ef-8682-0242ac140002', 'ec46e624-9735-11ef-8682-0242ac140002', 'admin has left!', 'LEAVE', '2024-11-07 15:41:54'),
('2868b60f-a6d6-4e2f-8009-f49ef3a3c29d', 'cb6e6cb1-975f-11ef-8682-0242ac140002', 'ec46e624-9735-11ef-8682-0242ac140002', 'admin has left!', 'LEAVE', '2024-11-07 16:59:34'),
('28975b03-6c18-41f9-8af9-1d41070de2b2', 'cb6e6cb1-975f-11ef-8682-0242ac140002', '65633435-6266-3165-2d39-3733352d3131', 'hello', 'CHAT', '2024-11-09 03:53:52'),
('28a27b2f-a22f-42ad-9c2f-050627d9ab40', 'cb6e6cb1-975f-11ef-8682-0242ac140002', 'ec46e624-9735-11ef-8682-0242ac140002', 'hello', 'CHAT', '2024-11-07 14:03:01'),
('29a34b48-b7a5-4bb5-a1ae-244cab8c7186', 'cb6e6cb1-975f-11ef-8682-0242ac140002', 'ec46e624-9735-11ef-8682-0242ac140002', 'hi', 'CHAT', '2024-11-07 14:48:00'),
('2a14fc40-c3b1-4bbf-911e-b51ef8530be9', 'cb6e6cb1-975f-11ef-8682-0242ac140002', '65633435-6266-3165-2d39-3733352d3131', 'user1 has left!', 'LEAVE', '2024-11-07 16:24:26'),
('2a9ba15e-5ce4-40f5-a19c-921b6b799c4f', 'cb6e6cb1-975f-11ef-8682-0242ac140002', 'ec46e624-9735-11ef-8682-0242ac140002', 'admin has left!', 'LEAVE', '2024-11-07 13:52:46'),
('2ad43458-3843-4a41-a5aa-0c6aeadd8336', 'cb6e6cb1-975f-11ef-8682-0242ac140002', '65633435-6266-3165-2d39-3733352d3131', 'user1 has left!', 'LEAVE', '2024-11-08 15:18:15'),
('2b871ff5-9cdc-4564-8d02-cbb7ec83cf60', 'cb6e6cb1-975f-11ef-8682-0242ac140002', 'ec46e624-9735-11ef-8682-0242ac140002', 'admin đã tham gia!', 'JOIN', '2024-11-06 10:38:20'),
('2b95d857-97ec-483a-ba21-c0fde945cb38', 'cb6e6cb1-975f-11ef-8682-0242ac140002', 'ec46e624-9735-11ef-8682-0242ac140002', 'admin has left!', 'LEAVE', '2024-11-09 03:23:03'),
('2bed821f-e40a-4d78-a572-ab4459b80d34', 'cb6e6cb1-975f-11ef-8682-0242ac140002', 'ec46e624-9735-11ef-8682-0242ac140002', 'admin đã tham gia!', 'JOIN', '2024-11-06 10:52:03'),
('2c3a6348-ce07-4f78-aecb-1422272d4975', 'cb6e6cb1-975f-11ef-8682-0242ac140002', '65633435-6266-3165-2d39-3733352d3131', 'user1 has left!', 'LEAVE', '2024-11-07 16:53:37'),
('2c8bcea6-9ac0-439e-b758-942578b9960a', 'cb6e6cb1-975f-11ef-8682-0242ac140002', 'ec46e624-9735-11ef-8682-0242ac140002', 'admin đã tham gia!', 'JOIN', '2024-11-08 15:27:10'),
('2dc32365-495a-494a-a4f7-8d19b741816c', 'cb6e6cb1-975f-11ef-8682-0242ac140002', 'ec46e624-9735-11ef-8682-0242ac140002', 'admin đã tham gia!', 'JOIN', '2024-11-07 16:11:26'),
('2e2dc40d-e4d2-49b9-b059-09f10c145f11', 'cb6e6cb1-975f-11ef-8682-0242ac140002', 'ec46e624-9735-11ef-8682-0242ac140002', 'admin đã tham gia!', 'JOIN', '2024-11-08 16:32:06'),
('2ea4c6fa-bdcc-4856-bcb4-05f51b850054', 'cb6e6cb1-975f-11ef-8682-0242ac140002', 'ec46e624-9735-11ef-8682-0242ac140002', 'admin đã tham gia!', 'JOIN', '2024-11-08 16:27:09'),
('2f31a097-9c1c-45e2-83fc-294f128df574', 'cb6e6cb1-975f-11ef-8682-0242ac140002', 'ec46e624-9735-11ef-8682-0242ac140002', 'admin has left!', 'LEAVE', '2024-11-06 10:56:35'),
('2f681840-8f29-4457-a2ff-7a89e90dd402', 'cb6e6cb1-975f-11ef-8682-0242ac140002', 'ec46e624-9735-11ef-8682-0242ac140002', 'admin has left!', 'LEAVE', '2024-11-06 11:03:20'),
('30371269-f618-406a-a374-0f814732b532', 'cb6e6cb1-975f-11ef-8682-0242ac140002', 'ec46e624-9735-11ef-8682-0242ac140002', 'admin has left!', 'LEAVE', '2024-11-09 03:46:30'),
('3191424a-451f-485c-8bed-e8eb44f83ac1', 'cb6e6cb1-975f-11ef-8682-0242ac140002', 'ec46e624-9735-11ef-8682-0242ac140002', 'admin has left!', 'LEAVE', '2024-11-08 16:14:56'),
('31df0fbc-dcb1-4c3e-a8a1-58962cd129f6', 'cb6e6cb1-975f-11ef-8682-0242ac140002', '65633435-6266-3165-2d39-3733352d3131', 'user1 đã tham gia!', 'JOIN', '2024-11-08 15:40:37'),
('3202c603-1746-4065-9dcb-783e8afea954', 'cb6e6cb1-975f-11ef-8682-0242ac140002', 'ec46e624-9735-11ef-8682-0242ac140002', 'admin has left!', 'LEAVE', '2024-11-06 11:40:21'),
('3224653e-5746-4c62-84a0-616f6274f93f', 'cb6e6cb1-975f-11ef-8682-0242ac140002', '65633435-6266-3165-2d39-3733352d3131', 'hello', 'CHAT', '2024-11-07 13:01:38'),
('329114af-c270-4255-8ab8-5ee9dd1c6a76', 'cb6e6cb1-975f-11ef-8682-0242ac140002', 'ec46e624-9735-11ef-8682-0242ac140002', 'hi', 'CHAT', '2024-11-08 15:25:27'),
('32fa8946-961a-4133-88dd-3d0e66ee9dc4', 'cb6e6cb1-975f-11ef-8682-0242ac140002', '65633435-6266-3165-2d39-3733352d3131', 'user1 has left!', 'LEAVE', '2024-11-09 03:00:25'),
('34bddfb7-d16b-4c77-bfac-4149ded03e33', 'cb6e6cb1-975f-11ef-8682-0242ac140002', 'ec46e624-9735-11ef-8682-0242ac140002', 'admin has left!', 'LEAVE', '2024-11-07 16:11:53'),
('35503948-5de3-437b-a786-9e9a906c7f75', 'cb6e6cb1-975f-11ef-8682-0242ac140002', 'ec46e624-9735-11ef-8682-0242ac140002', 'hi', 'CHAT', '2024-11-07 14:02:35'),
('35cf45e3-ce41-4810-a188-e336e52c127c', 'cb6e6cb1-975f-11ef-8682-0242ac140002', 'ec46e624-9735-11ef-8682-0242ac140002', 'admin đã tham gia!', 'JOIN', '2024-11-06 16:16:09'),
('35dda496-59e1-4675-83c4-6e1acc62fa5e', 'cb6e6cb1-975f-11ef-8682-0242ac140002', 'ec46e624-9735-11ef-8682-0242ac140002', 'admin has left!', 'LEAVE', '2024-11-09 02:39:47'),
('37dbce03-36d7-45a7-8497-895d0daf7788', 'cb6e6cb1-975f-11ef-8682-0242ac140002', 'ec46e624-9735-11ef-8682-0242ac140002', 'admin đã tham gia!', 'JOIN', '2024-11-06 11:40:45'),
('3a156243-1461-4575-a0e8-6644f9aa9a61', 'cb6e6cb1-975f-11ef-8682-0242ac140002', '65633435-6266-3165-2d39-3733352d3131', 'user1 đã tham gia!', 'JOIN', '2024-11-07 16:22:10'),
('3a8dbb55-c049-4eeb-9f7a-f8695f8ce775', 'cb6e6cb1-975f-11ef-8682-0242ac140002', 'ec46e624-9735-11ef-8682-0242ac140002', 'admin has left!', 'LEAVE', '2024-11-07 14:05:45'),
('3cf913fe-78bf-412a-9b12-79109f072fb0', 'cb6e6cb1-975f-11ef-8682-0242ac140002', 'ec46e624-9735-11ef-8682-0242ac140002', 'admin đã tham gia!', 'JOIN', '2024-11-06 10:41:28'),
('3d41b125-4840-4a3c-94fb-a1e08d8d90d9', 'cb6e6cb1-975f-11ef-8682-0242ac140002', 'ec46e624-9735-11ef-8682-0242ac140002', 'admin has left!', 'LEAVE', '2024-11-06 11:06:27'),
('3e5bf2b6-89e2-426e-ae91-da482631b8b6', 'cb6e6cb1-975f-11ef-8682-0242ac140002', 'ec46e624-9735-11ef-8682-0242ac140002', 'admin đã tham gia!', 'JOIN', '2024-11-06 11:28:53'),
('3f207968-6b86-44e2-91ff-8971758d2310', 'cb6e6cb1-975f-11ef-8682-0242ac140002', '65633435-6266-3165-2d39-3733352d3131', 'hả', 'CHAT', '2024-11-09 03:54:00'),
('3f7faf2b-f426-4d4a-937a-888fce295b2f', 'cb6e6cb1-975f-11ef-8682-0242ac140002', 'ec46e624-9735-11ef-8682-0242ac140002', 'admin has left!', 'LEAVE', '2024-11-09 02:41:07'),
('3f9d114e-9333-4762-af4c-cb7874904a8c', 'cb6e6cb1-975f-11ef-8682-0242ac140002', 'ec46e624-9735-11ef-8682-0242ac140002', 'admin has left!', 'LEAVE', '2024-11-06 11:16:32'),
('3fcf1617-c410-4c41-8a35-095572bba313', 'cb6e6cb1-975f-11ef-8682-0242ac140002', '65633435-6266-3165-2d39-3733352d3131', 'user1 has left!', 'LEAVE', '2024-11-07 15:47:34'),
('40d2d635-0773-4a82-a0b9-af0814f198d8', 'cb6e6cb1-975f-11ef-8682-0242ac140002', 'ec46e624-9735-11ef-8682-0242ac140002', 'admin đã tham gia!', 'JOIN', '2024-11-06 16:39:46'),
('41647b39-1da5-4e75-8324-14b73e370d99', 'cb6e6cb1-975f-11ef-8682-0242ac140002', 'ec46e624-9735-11ef-8682-0242ac140002', 'admin has left!', 'LEAVE', '2024-11-06 16:16:21'),
('416d5181-f61b-40fa-aed9-07ec9227240a', 'cb6e6cb1-975f-11ef-8682-0242ac140002', 'ec46e624-9735-11ef-8682-0242ac140002', 'admin has left!', 'LEAVE', '2024-11-09 03:07:14'),
('418567b7-cfc1-423e-be79-ea8524a935b5', 'cb6e6cb1-975f-11ef-8682-0242ac140002', 'ec46e624-9735-11ef-8682-0242ac140002', 'admin has left!', 'LEAVE', '2024-11-09 02:40:10'),
('41aa60ff-d347-4df3-b914-20e475d982c7', 'cb6e6cb1-975f-11ef-8682-0242ac140002', 'ec46e624-9735-11ef-8682-0242ac140002', 'hi', 'CHAT', '2024-11-09 03:23:54'),
('41e3a63d-554f-4f53-81a0-099b3a704e49', 'cb6e6cb1-975f-11ef-8682-0242ac140002', '65633435-6266-3165-2d39-3733352d3131', 'tin nhắn bị thiếu à ?', 'CHAT', '2024-11-07 14:03:51'),
('4211bab2-2a89-4523-a357-a65461617ce9', 'cb6e6cb1-975f-11ef-8682-0242ac140002', 'ec46e624-9735-11ef-8682-0242ac140002', 'admin has left!', 'LEAVE', '2024-11-09 02:41:06'),
('424ada5a-1220-4737-8c7a-d44ac888f763', 'cb6e6cb1-975f-11ef-8682-0242ac140002', 'ec46e624-9735-11ef-8682-0242ac140002', 'admin đã tham gia!', 'JOIN', '2024-11-06 11:01:07'),
('428f51db-f217-4dea-b512-046d9c4f50a5', 'cb6e6cb1-975f-11ef-8682-0242ac140002', 'ec46e624-9735-11ef-8682-0242ac140002', 'admin has left!', 'LEAVE', '2024-11-08 17:00:15'),
('42f31a77-2ef1-46f3-aa36-cc0f48b9acc5', 'cb6e6cb1-975f-11ef-8682-0242ac140002', 'ec46e624-9735-11ef-8682-0242ac140002', 'qq gì', 'CHAT', '2024-11-07 16:11:19'),
('42f49c0a-978a-4675-83c2-eda58ed0ddd7', 'cb6e6cb1-975f-11ef-8682-0242ac140002', '65633435-6266-3165-2d39-3733352d3131', 'user1 has left!', 'LEAVE', '2024-11-07 16:24:50'),
('437bbc9c-fe17-468c-a4cf-4c4aa43e8da7', 'cb6e6cb1-975f-11ef-8682-0242ac140002', 'ec46e624-9735-11ef-8682-0242ac140002', 'admin has left!', 'LEAVE', '2024-11-07 16:09:41'),
('43c8681e-10a4-4702-8f3f-e8a71c9bad26', 'cb6e6cb1-975f-11ef-8682-0242ac140002', 'ec46e624-9735-11ef-8682-0242ac140002', 'admin đã tham gia!', 'JOIN', '2024-11-08 16:43:59'),
('43ea6526-7cb9-45c8-b047-c22aeb0540f9', 'cb6e6cb1-975f-11ef-8682-0242ac140002', 'ec46e624-9735-11ef-8682-0242ac140002', 'what sub', 'CHAT', '2024-11-09 01:17:38'),
('43f2a595-de75-4170-bcf4-3e5cb2df6dee', 'cb6e6cb1-975f-11ef-8682-0242ac140002', '65633435-6266-3165-2d39-3733352d3131', 'hả', 'CHAT', '2024-11-07 16:04:14'),
('4460d22a-fa2b-4254-8b05-41f6e02fc76d', 'cb6e6cb1-975f-11ef-8682-0242ac140002', 'ec46e624-9735-11ef-8682-0242ac140002', 'admin has left!', 'LEAVE', '2024-11-09 02:39:40'),
('456c8d8f-b329-461f-b016-e29e985f94b1', 'cb6e6cb1-975f-11ef-8682-0242ac140002', 'ec46e624-9735-11ef-8682-0242ac140002', 'admin has left!', 'LEAVE', '2024-11-09 03:22:23'),
('45a8b8f2-4328-4df9-9c2e-904d94e98f29', 'cb6e6cb1-975f-11ef-8682-0242ac140002', 'ec46e624-9735-11ef-8682-0242ac140002', 'admin đã tham gia!', 'JOIN', '2024-11-07 13:51:38'),
('45bab961-0205-455e-8a3f-bf7ba1db8880', 'cb6e6cb1-975f-11ef-8682-0242ac140002', 'ec46e624-9735-11ef-8682-0242ac140002', 'hi there', 'CHAT', '2024-11-09 01:07:55'),
('471a7797-f471-4d8f-ba08-6752e00f4596', 'cb6e6cb1-975f-11ef-8682-0242ac140002', 'ec46e624-9735-11ef-8682-0242ac140002', 'admin has left!', 'LEAVE', '2024-11-07 14:50:38'),
('47adc264-e985-4bc3-ae2b-a8c0a7351128', 'cb6e6cb1-975f-11ef-8682-0242ac140002', 'ec46d79f-9735-11ef-8682-0242ac140002', 'user2 has left!', 'LEAVE', '2024-11-08 16:19:52'),
('48a942c9-7b4f-4b5c-926e-e5dd2d8f0f23', 'cb6e6cb1-975f-11ef-8682-0242ac140002', 'ec46e624-9735-11ef-8682-0242ac140002', 'admin has left!', 'LEAVE', '2024-11-08 15:52:26'),
('49123e6a-1c34-4ada-aac1-c2c8e8c07116', 'cb6e6cb1-975f-11ef-8682-0242ac140002', 'ec46e624-9735-11ef-8682-0242ac140002', 'admin has left!', 'LEAVE', '2024-11-07 16:03:57'),
('496eebcb-0d2d-4990-b8b8-8d03af8f941b', 'cb6e6cb1-975f-11ef-8682-0242ac140002', 'ec46e624-9735-11ef-8682-0242ac140002', 'admin đã tham gia!', 'JOIN', '2024-11-08 15:19:00'),
('49ebf762-f660-4a5c-912b-72da85aba9d7', 'cb6e6cb1-975f-11ef-8682-0242ac140002', 'ec46e624-9735-11ef-8682-0242ac140002', 'admin has left!', 'LEAVE', '2024-11-09 02:41:23'),
('4a510ba7-40a2-4a11-bde9-3bf5c6c59da1', 'cb6e6cb1-975f-11ef-8682-0242ac140002', 'ec46e624-9735-11ef-8682-0242ac140002', 'hihi', 'CHAT', '2024-11-07 13:02:03'),
('4b75483a-32ed-4f14-b8bc-4ba0ea0d7838', 'cb6e6cb1-975f-11ef-8682-0242ac140002', 'ec46e624-9735-11ef-8682-0242ac140002', 'hi', 'CHAT', '2024-11-09 03:53:25'),
('4bb671d1-6e14-45a1-8050-6df3df5ffa5d', 'cb6e6cb1-975f-11ef-8682-0242ac140002', '65633435-6266-3165-2d39-3733352d3131', 'user1 has left!', 'LEAVE', '2024-11-09 03:45:38'),
('4cf1712f-792e-45b1-87a0-8d88b3a0c48e', 'cb6e6cb1-975f-11ef-8682-0242ac140002', '65633435-6266-3165-2d39-3733352d3131', 'user1 has left!', 'LEAVE', '2024-11-07 16:05:29'),
('4d09cd0b-5a4f-44dd-b7b5-870e51ab0560', 'cb6e6cb1-975f-11ef-8682-0242ac140002', '65633435-6266-3165-2d39-3733352d3131', 'user1 has left!', 'LEAVE', '2024-11-07 16:10:32'),
('5020d2ba-4167-474e-9ac3-ef3181230e61', 'cb6e6cb1-975f-11ef-8682-0242ac140002', 'ec46e624-9735-11ef-8682-0242ac140002', 'hi', 'CHAT', '2024-11-09 03:46:46'),
('5118e3a4-1048-41d1-a9bd-68d6cb35977a', 'cb6e6cb1-975f-11ef-8682-0242ac140002', 'ec46e624-9735-11ef-8682-0242ac140002', 'admin has left!', 'LEAVE', '2024-11-07 13:51:39'),
('51244f0f-5f83-4adb-8284-c1900ab40ac2', 'cb6e6cb1-975f-11ef-8682-0242ac140002', 'ec46e624-9735-11ef-8682-0242ac140002', 'hi', 'CHAT', '2024-11-07 13:52:26'),
('5216d224-b88b-4de9-9fa4-009ea0eae0ed', 'cb6e6cb1-975f-11ef-8682-0242ac140002', 'ec46e624-9735-11ef-8682-0242ac140002', 'admin has left!', 'LEAVE', '2024-11-06 11:19:29'),
('527ba869-37fe-470a-921e-f24e8eefb2ef', 'cb6e6cb1-975f-11ef-8682-0242ac140002', 'ec46e624-9735-11ef-8682-0242ac140002', 'admin has left!', 'LEAVE', '2024-11-06 11:40:21'),
('52ad118e-9792-4630-8e1f-1a75a835f1d5', 'cb6e6cb1-975f-11ef-8682-0242ac140002', 'ec46e624-9735-11ef-8682-0242ac140002', 'admin has left!', 'LEAVE', '2024-11-09 02:35:04'),
('52bc2956-7ade-4c56-b673-76470d227230', 'cb6e6cb1-975f-11ef-8682-0242ac140002', 'ec46e624-9735-11ef-8682-0242ac140002', 'admin has left!', 'LEAVE', '2024-11-06 11:35:52'),
('52eeb22c-0616-408b-9c53-6102d4e83795', 'cb6e6cb1-975f-11ef-8682-0242ac140002', 'ec46e624-9735-11ef-8682-0242ac140002', 'admin đã tham gia!', 'JOIN', '2024-11-06 11:06:11'),
('537fbef5-0fa0-46b1-bd97-a2e3f823e0be', 'cb6e6cb1-975f-11ef-8682-0242ac140002', '65633435-6266-3165-2d39-3733352d3131', 'user1 has left!', 'LEAVE', '2024-11-08 16:44:42'),
('53845b73-1a72-42c0-bc4f-364e30e2df86', 'cb6e6cb1-975f-11ef-8682-0242ac140002', 'ec46e624-9735-11ef-8682-0242ac140002', 'hi', 'CHAT', '2024-11-09 03:34:40'),
('540e2d88-eee9-4745-b4f5-01e9866e65bd', 'cb6e6cb1-975f-11ef-8682-0242ac140002', 'ec46e624-9735-11ef-8682-0242ac140002', 'admin đã tham gia!', 'JOIN', '2024-11-06 10:40:59'),
('54f04f57-4f17-4b4a-9b08-673ed27b9d45', 'cb6e6cb1-975f-11ef-8682-0242ac140002', 'ec46e624-9735-11ef-8682-0242ac140002', 'hi', 'CHAT', '2024-11-09 02:40:56'),
('54fbf60a-af1d-43f0-a803-c6223897b7e4', 'cb6e6cb1-975f-11ef-8682-0242ac140002', 'ec46e624-9735-11ef-8682-0242ac140002', 'admin đã tham gia!', 'JOIN', '2024-11-08 16:19:21'),
('55068727-92aa-469a-9960-f17c60d9408f', 'cb6e6cb1-975f-11ef-8682-0242ac140002', '65633435-6266-3165-2d39-3733352d3131', 'user1 has left!', 'LEAVE', '2024-11-08 16:15:29'),
('55d28b3c-59e5-4cbe-baa5-7395728be4f0', 'cb6e6cb1-975f-11ef-8682-0242ac140002', '65633435-6266-3165-2d39-3733352d3131', 'user1 has left!', 'LEAVE', '2024-11-09 01:45:36'),
('567caf1a-f471-49f5-bc29-0969df6e499b', 'cb6e6cb1-975f-11ef-8682-0242ac140002', 'ec46e624-9735-11ef-8682-0242ac140002', 'admin has left!', 'LEAVE', '2024-11-06 10:37:43'),
('57035d3e-d4e6-492a-bb2f-1408a8b05745', 'cb6e6cb1-975f-11ef-8682-0242ac140002', 'ec46e624-9735-11ef-8682-0242ac140002', 'admin has left!', 'LEAVE', '2024-11-06 10:56:35'),
('5751a623-9278-424a-8600-43bae0fcbabc', 'cb6e6cb1-975f-11ef-8682-0242ac140002', 'ec46e624-9735-11ef-8682-0242ac140002', 'admin đã tham gia!', 'JOIN', '2024-11-06 11:16:54'),
('5792e3ad-6e7a-4e83-b395-76297507e7d0', 'cb6e6cb1-975f-11ef-8682-0242ac140002', '65633435-6266-3165-2d39-3733352d3131', 'user1 đã tham gia!', 'JOIN', '2024-11-08 16:12:11'),
('57d536ae-00c9-4ffd-afb8-23e6b532eebb', 'cb6e6cb1-975f-11ef-8682-0242ac140002', 'ec46e624-9735-11ef-8682-0242ac140002', 'admin has left!', 'LEAVE', '2024-11-08 15:35:56'),
('5806596f-7783-4f83-946d-41be68e54b31', 'cb6e6cb1-975f-11ef-8682-0242ac140002', 'ec46e624-9735-11ef-8682-0242ac140002', 'admin has left!', 'LEAVE', '2024-11-06 16:06:53'),
('587be560-79ba-4d91-9972-7392be1ce887', 'cb6e6cb1-975f-11ef-8682-0242ac140002', 'ec46e624-9735-11ef-8682-0242ac140002', 'admin đã tham gia!', 'JOIN', '2024-11-08 15:28:03'),
('58a9c46d-97c9-4f8c-9932-cf8db42878cd', 'cb6e6cb1-975f-11ef-8682-0242ac140002', 'ec46e624-9735-11ef-8682-0242ac140002', 'admin has left!', 'LEAVE', '2024-11-06 11:40:37'),
('591334cc-acb7-4a92-8184-387bcfbcc4ad', 'cb6e6cb1-975f-11ef-8682-0242ac140002', 'ec46d79f-9735-11ef-8682-0242ac140002', 'hi', 'CHAT', '2024-11-08 15:18:07'),
('592954ae-67c7-4df1-a4ee-c4ac4e18ff86', 'cb6e6cb1-975f-11ef-8682-0242ac140002', 'ec46e624-9735-11ef-8682-0242ac140002', 'admin has left!', 'LEAVE', '2024-11-08 15:30:28'),
('59d5b3f7-186c-47ea-ab53-9a5e0d0dba95', 'cb6e6cb1-975f-11ef-8682-0242ac140002', 'ec46e624-9735-11ef-8682-0242ac140002', 'admin has left!', 'LEAVE', '2024-11-08 15:37:44'),
('5a619d95-65b4-4f26-9b16-1031ea566f46', 'cb6e6cb1-975f-11ef-8682-0242ac140002', 'ec46e624-9735-11ef-8682-0242ac140002', 'admin has left!', 'LEAVE', '2024-11-07 16:22:20'),
('5c1761df-66f4-4d4b-b9cb-78dfb86f1fe3', 'cb6e6cb1-975f-11ef-8682-0242ac140002', 'ec46e624-9735-11ef-8682-0242ac140002', 'admin has left!', 'LEAVE', '2024-11-08 15:19:15'),
('5d8485e2-4408-4be8-b528-edcf411c02f0', 'cb6e6cb1-975f-11ef-8682-0242ac140002', 'ec46e624-9735-11ef-8682-0242ac140002', 'admin đã tham gia!', 'JOIN', '2024-11-06 16:58:06'),
('5dc77677-cc75-4f07-b5b1-33a6fd9256da', 'cb6e6cb1-975f-11ef-8682-0242ac140002', 'ec46e624-9735-11ef-8682-0242ac140002', 'admin đã tham gia!', 'JOIN', '2024-11-08 15:38:13'),
('5ef98f8c-1839-4cc1-b533-09f249e9e1a4', 'cb6e6cb1-975f-11ef-8682-0242ac140002', 'ec46e624-9735-11ef-8682-0242ac140002', 'hi', 'CHAT', '2024-11-09 03:09:28'),
('5f218b7b-b58f-4300-be27-2e586ba8bbe2', 'cb6e6cb1-975f-11ef-8682-0242ac140002', 'ec46df77-9735-11ef-8682-0242ac140002', 'user3 has left!', 'LEAVE', '2024-11-08 16:27:51'),
('5f699c8a-9b5f-466e-b28b-b03745a7751d', 'cb6e6cb1-975f-11ef-8682-0242ac140002', 'ec46e624-9735-11ef-8682-0242ac140002', 'admin đã tham gia!', 'JOIN', '2024-11-06 10:51:31'),
('5fb4f35e-51a1-4420-8445-064176225db6', 'cb6e6cb1-975f-11ef-8682-0242ac140002', '65633435-6266-3165-2d39-3733352d3131', 'user1 đã tham gia!', 'JOIN', '2024-11-07 14:02:53'),
('5ffddd27-f22d-40d6-9791-edc2f60f758b', 'cb6e6cb1-975f-11ef-8682-0242ac140002', 'ec46d79f-9735-11ef-8682-0242ac140002', 'user2 đã tham gia!', 'JOIN', '2024-11-08 16:44:58'),
('602bd982-df25-4d87-937b-4755d9597552', 'cb6e6cb1-975f-11ef-8682-0242ac140002', 'ec46e624-9735-11ef-8682-0242ac140002', 'admin has left!', 'LEAVE', '2024-11-07 14:51:50'),
('6035688b-3aa7-4b0a-bc30-ee94b7326f47', 'cb6e6cb1-975f-11ef-8682-0242ac140002', 'ec46e624-9735-11ef-8682-0242ac140002', 'admin has left!', 'LEAVE', '2024-11-09 02:39:36'),
('60424897-3e01-4940-994a-96157f45572a', 'cb6e6cb1-975f-11ef-8682-0242ac140002', 'ec46e624-9735-11ef-8682-0242ac140002', '...', 'CHAT', '2024-11-08 15:52:23'),
('60674b72-9510-495d-9853-1445c91854bb', 'cb6e6cb1-975f-11ef-8682-0242ac140002', 'ec46e624-9735-11ef-8682-0242ac140002', 'admin đã tham gia!', 'JOIN', '2024-11-06 10:55:46'),
('61746d5a-a7bb-4b99-a339-21c5ac4c01c1', 'cb6e6cb1-975f-11ef-8682-0242ac140002', '65633435-6266-3165-2d39-3733352d3131', 'user1 has left!', 'LEAVE', '2024-11-08 15:38:39'),
('635327e3-6f0e-4653-9254-c46de201dc59', 'cb6e6cb1-975f-11ef-8682-0242ac140002', 'ec46e624-9735-11ef-8682-0242ac140002', 'admin đã tham gia!', 'JOIN', '2024-11-07 14:05:35'),
('64034b41-0425-4790-873c-4cda92c0e631', 'cb6e6cb1-975f-11ef-8682-0242ac140002', 'ec46e624-9735-11ef-8682-0242ac140002', 'admin has left!', 'LEAVE', '2024-11-06 16:58:37'),
('6682851b-3197-4330-bb39-5b8c6ab47c16', 'cb6e6cb1-975f-11ef-8682-0242ac140002', 'ec46e624-9735-11ef-8682-0242ac140002', 'admin đã tham gia!', 'JOIN', '2024-11-07 13:52:41'),
('67682952-431d-4f26-874a-3320e1df268a', 'cb6e6cb1-975f-11ef-8682-0242ac140002', 'ec46e624-9735-11ef-8682-0242ac140002', 'admin has left!', 'LEAVE', '2024-11-09 02:37:46'),
('679d528b-5e59-479b-bda1-cb85461aa664', 'cb6e6cb1-975f-11ef-8682-0242ac140002', 'ec46e624-9735-11ef-8682-0242ac140002', 'admin đã tham gia!', 'JOIN', '2024-11-06 11:28:00'),
('67baebec-be6c-40e8-a5a9-a4405cd2a550', 'cb6e6cb1-975f-11ef-8682-0242ac140002', '65633435-6266-3165-2d39-3733352d3131', 'hi', 'CHAT', '2024-11-07 15:09:34'),
('6826728f-d792-4d42-8212-f82b30e26efe', 'cb6e6cb1-975f-11ef-8682-0242ac140002', 'ec46e624-9735-11ef-8682-0242ac140002', 'admin has left!', 'LEAVE', '2024-11-09 02:41:23'),
('6880163b-ce99-44f9-98e3-f522010881d1', 'cb6e6cb1-975f-11ef-8682-0242ac140002', '65633435-6266-3165-2d39-3733352d3131', 'user1 has left!', 'LEAVE', '2024-11-07 14:02:54'),
('693beae2-d6c2-49f7-9a49-5f97b5a197db', 'cb6e6cb1-975f-11ef-8682-0242ac140002', '65633435-6266-3165-2d39-3733352d3131', 'user1 đã tham gia!', 'JOIN', '2024-11-07 14:48:31'),
('6a278dfd-7197-4fc3-8d02-34dcbfe5b5ac', 'cb6e6cb1-975f-11ef-8682-0242ac140002', '65633435-6266-3165-2d39-3733352d3131', 'user1 has left!', 'LEAVE', '2024-11-07 16:11:58'),
('6a9b0ad0-79b5-473c-b3b2-5af5eac6c517', 'cb6e6cb1-975f-11ef-8682-0242ac140002', 'ec46e624-9735-11ef-8682-0242ac140002', 'admin has left!', 'LEAVE', '2024-11-09 01:02:08'),
('6b8bee91-6606-405c-9bb4-70d65f4a4d89', 'cb6e6cb1-975f-11ef-8682-0242ac140002', 'ec46e624-9735-11ef-8682-0242ac140002', 'admin has left!', 'LEAVE', '2024-11-09 03:38:45'),
('6b9e491e-d7ed-4722-9e9f-94df294aa9c0', 'cb6e6cb1-975f-11ef-8682-0242ac140002', 'ec46d79f-9735-11ef-8682-0242ac140002', 'user2 has left!', 'LEAVE', '2024-11-08 16:45:04'),
('6ba9ea42-8117-430e-9b78-a3342f11da24', 'cb6e6cb1-975f-11ef-8682-0242ac140002', 'ec46e624-9735-11ef-8682-0242ac140002', 'admin đã tham gia!', 'JOIN', '2024-11-08 16:40:53'),
('6d3ce41d-4d6c-4e99-84a9-a188f3f095da', 'cb6e6cb1-975f-11ef-8682-0242ac140002', 'ec46e624-9735-11ef-8682-0242ac140002', 'admin has left!', 'LEAVE', '2024-11-06 11:21:14'),
('6eb7ff9c-8595-44b1-af29-f602a85c2f82', 'cb6e6cb1-975f-11ef-8682-0242ac140002', 'ec46e624-9735-11ef-8682-0242ac140002', 'admin đã tham gia!', 'JOIN', '2024-11-07 16:09:23'),
('6f39614c-8bfa-43b5-b257-651234271796', 'cb6e6cb1-975f-11ef-8682-0242ac140002', 'ec46e624-9735-11ef-8682-0242ac140002', 'admin has left!', 'LEAVE', '2024-11-06 10:50:41'),
('6f71e685-5dbd-48f9-92aa-b8fd4d1f6428', 'cb6e6cb1-975f-11ef-8682-0242ac140002', 'ec46e624-9735-11ef-8682-0242ac140002', 'admin đã tham gia!', 'JOIN', '2024-11-06 16:15:58'),
('701035ac-7675-4468-97a3-5503ac81253c', 'cb6e6cb1-975f-11ef-8682-0242ac140002', 'ec46e624-9735-11ef-8682-0242ac140002', 'admin has left!', 'LEAVE', '2024-11-09 03:04:20'),
('72c12cd2-02bf-4675-b57a-98efce5aeb2c', 'cb6e6cb1-975f-11ef-8682-0242ac140002', 'ec46e624-9735-11ef-8682-0242ac140002', 'admin has left!', 'LEAVE', '2024-11-08 16:45:24'),
('741a86f1-2163-4975-9c80-506d7784970b', 'cb6e6cb1-975f-11ef-8682-0242ac140002', 'ec46e624-9735-11ef-8682-0242ac140002', 'hello', 'CHAT', '2024-11-07 14:05:40'),
('753c66fa-876e-4736-b511-443b08b77df0', 'cb6e6cb1-975f-11ef-8682-0242ac140002', 'ec46e624-9735-11ef-8682-0242ac140002', 'admin has left!', 'LEAVE', '2024-11-09 02:40:09'),
('754209b0-f681-4d85-9145-257a4a4c858b', 'cb6e6cb1-975f-11ef-8682-0242ac140002', 'ec46e624-9735-11ef-8682-0242ac140002', 'admin has left!', 'LEAVE', '2024-11-09 03:41:38'),
('75f85e6d-4bf6-40ff-852d-4f74b8e83113', 'cb6e6cb1-975f-11ef-8682-0242ac140002', 'ec46e624-9735-11ef-8682-0242ac140002', 'admin đã tham gia!', 'JOIN', '2024-11-07 17:06:05'),
('7735494d-c0c8-429b-a89a-df302b0c5e23', 'cb6e6cb1-975f-11ef-8682-0242ac140002', 'ec46e624-9735-11ef-8682-0242ac140002', 'admin has left!', 'LEAVE', '2024-11-09 02:51:19'),
('779542b3-19ad-4bf9-97f6-70f2a7e22160', 'cb6e6cb1-975f-11ef-8682-0242ac140002', 'ec46e624-9735-11ef-8682-0242ac140002', 'admin has left!', 'LEAVE', '2024-11-06 16:44:51'),
('789aee37-301e-48a8-90d6-6585538429d5', 'cb6e6cb1-975f-11ef-8682-0242ac140002', 'ec46e624-9735-11ef-8682-0242ac140002', 'admin has left!', 'LEAVE', '2024-11-07 16:05:16'),
('78c69ab6-f248-44b9-a848-b165301c75fc', 'cb6e6cb1-975f-11ef-8682-0242ac140002', 'ec46e624-9735-11ef-8682-0242ac140002', 'admin has left!', 'LEAVE', '2024-11-06 10:54:59'),
('798f2345-b06d-44a0-93dd-c92a62130eaf', 'cb6e6cb1-975f-11ef-8682-0242ac140002', 'ec46e624-9735-11ef-8682-0242ac140002', 'admin has left!', 'LEAVE', '2024-11-07 14:04:38'),
('79ece46f-5f1f-4ef3-9713-c65cf3455588', 'cb6e6cb1-975f-11ef-8682-0242ac140002', 'ec46e624-9735-11ef-8682-0242ac140002', 'admin has left!', 'LEAVE', '2024-11-07 17:11:07'),
('7a825da2-b916-4592-8c22-fef7973c1109', 'cb6e6cb1-975f-11ef-8682-0242ac140002', '65633435-6266-3165-2d39-3733352d3131', 'user1 has left!', 'LEAVE', '2024-11-07 16:05:29'),
('7a8789fd-e551-44fc-afb2-2d48423ae953', 'cb6e6cb1-975f-11ef-8682-0242ac140002', 'ec46df77-9735-11ef-8682-0242ac140002', 'user3 has left!', 'LEAVE', '2024-11-08 16:45:45'),
('7abc1455-bca0-42a1-ae19-8d2156019368', 'cb6e6cb1-975f-11ef-8682-0242ac140002', '65633435-6266-3165-2d39-3733352d3131', 'user1 đã tham gia!', 'JOIN', '2024-11-07 17:06:25'),
('7b2cc771-792f-4ba3-8a31-a643f48ea633', 'cb6e6cb1-975f-11ef-8682-0242ac140002', 'ec46e624-9735-11ef-8682-0242ac140002', 'admin đã tham gia!', 'JOIN', '2024-11-06 10:56:35'),
('7b849739-7400-4b9a-85cd-2352fa0720a9', 'cb6e6cb1-975f-11ef-8682-0242ac140002', 'ec46e624-9735-11ef-8682-0242ac140002', 'admin đã tham gia!', 'JOIN', '2024-11-07 16:04:59'),
('7ccc72f9-d9de-4024-aa57-afb8e3c8d845', 'cb6e6cb1-975f-11ef-8682-0242ac140002', 'ec46e624-9735-11ef-8682-0242ac140002', 'admin đã tham gia!', 'JOIN', '2024-11-07 16:02:02'),
('7d0290cb-0a68-4b6f-b006-80ffddfe6205', 'cb6e6cb1-975f-11ef-8682-0242ac140002', 'ec46e624-9735-11ef-8682-0242ac140002', 'hj', 'CHAT', '2024-11-06 16:16:18'),
('7d30f2c0-9b43-482e-83e4-fceba2ee6c5e', 'cb6e6cb1-975f-11ef-8682-0242ac140002', '65633435-6266-3165-2d39-3733352d3131', 'user1 đã tham gia!', 'JOIN', '2024-11-07 16:53:37'),
('7d6cbc3d-b481-468a-916b-80068c415037', 'cb6e6cb1-975f-11ef-8682-0242ac140002', 'ec46e624-9735-11ef-8682-0242ac140002', 'admin đã tham gia!', 'JOIN', '2024-11-06 11:06:05'),
('7deca4c0-2b27-432e-9fb3-a499732146d5', 'cb6e6cb1-975f-11ef-8682-0242ac140002', '65633435-6266-3165-2d39-3733352d3131', 'user1 has left!', 'LEAVE', '2024-11-07 16:11:25'),
('7f125a2a-06b7-47de-b4b1-77b86e9c93c8', 'cb6e6cb1-975f-11ef-8682-0242ac140002', 'ec46e624-9735-11ef-8682-0242ac140002', 'admin has left!', 'LEAVE', '2024-11-09 02:41:41'),
('80917032-dac9-4df0-b35a-12a226eb7bbb', 'cb6e6cb1-975f-11ef-8682-0242ac140002', 'ec46e624-9735-11ef-8682-0242ac140002', 'hi', 'CHAT', '2024-11-09 00:08:51'),
('80946be5-dc85-479a-8312-fbeeeb752359', 'cb6e6cb1-975f-11ef-8682-0242ac140002', 'ec46e624-9735-11ef-8682-0242ac140002', 'hello', 'CHAT', '2024-11-09 01:08:44'),
('8153df75-6b60-4b14-b094-5df8b8d9da2d', 'cb6e6cb1-975f-11ef-8682-0242ac140002', 'ec46e624-9735-11ef-8682-0242ac140002', 'admin has left!', 'LEAVE', '2024-11-06 11:01:07'),
('81ae6360-8063-4c2a-94e4-fe7b4358998c', 'cb6e6cb1-975f-11ef-8682-0242ac140002', 'ec46e624-9735-11ef-8682-0242ac140002', 'admin has left!', 'LEAVE', '2024-11-09 03:52:05'),
('823c2101-2832-45f4-99ea-024cbeffd701', 'cb6e6cb1-975f-11ef-8682-0242ac140002', 'ec46e624-9735-11ef-8682-0242ac140002', 'admin has left!', 'LEAVE', '2024-11-09 02:39:41'),
('82f4be36-d9ba-4090-a9aa-341c3dba349d', 'cb6e6cb1-975f-11ef-8682-0242ac140002', 'ec46e624-9735-11ef-8682-0242ac140002', 'admin has left!', 'LEAVE', '2024-11-09 03:46:49'),
('830b59e0-9556-43ac-a68e-a9a5fc733a8d', 'cb6e6cb1-975f-11ef-8682-0242ac140002', '65633435-6266-3165-2d39-3733352d3131', 'user1 đã tham gia!', 'JOIN', '2024-11-08 15:38:36'),
('83199b59-b6d4-4c8c-aadc-ea688dfeb27c', 'cb6e6cb1-975f-11ef-8682-0242ac140002', 'ec46e624-9735-11ef-8682-0242ac140002', 'hi', 'CHAT', '2024-11-09 03:04:31'),
('83992245-249b-4034-baf1-142574c3c6a3', 'cb6e6cb1-975f-11ef-8682-0242ac140002', '65633435-6266-3165-2d39-3733352d3131', 'user1 has left!', 'LEAVE', '2024-11-09 02:29:42'),
('846b9554-6675-4482-b9e0-4c501cbca61a', '9932ca42-9a7e-11ef-81cf-0242ac140004', 'ec46e624-9735-11ef-8682-0242ac140002', 'hi', 'CHAT', '2024-11-09 03:48:05'),
('8478d822-979c-4556-a7ca-ad27c46f54d9', 'cb6e6cb1-975f-11ef-8682-0242ac140002', 'ec46e624-9735-11ef-8682-0242ac140002', 'hả', 'CHAT', '2024-11-09 03:58:03'),
('84af796d-6f45-4735-ae19-807a45f544ee', 'cb6e6cb1-975f-11ef-8682-0242ac140002', '65633435-6266-3165-2d39-3733352d3131', 'gì cơ', 'CHAT', '2024-11-09 03:54:05'),
('8518d42b-58a3-4f21-adca-226321e2aaa6', 'cb6e6cb1-975f-11ef-8682-0242ac140002', 'ec46e624-9735-11ef-8682-0242ac140002', 'admin đã tham gia!', 'JOIN', '2024-11-07 16:10:39'),
('85865f08-a6c4-4095-b7ed-390e05409141', 'cb6e6cb1-975f-11ef-8682-0242ac140002', '65633435-6266-3165-2d39-3733352d3131', 'i left rightnow', 'CHAT', '2024-11-07 17:06:39'),
('85c72b0d-fe22-4e1f-afd8-6c509c447662', 'cb6e6cb1-975f-11ef-8682-0242ac140002', '65633435-6266-3165-2d39-3733352d3131', 'hi', 'CHAT', '2024-11-07 14:48:49'),
('85ea2e70-8f04-4e5c-8cba-6b8983c14b58', 'cb6e6cb1-975f-11ef-8682-0242ac140002', 'ec46e624-9735-11ef-8682-0242ac140002', 'admin has left!', 'LEAVE', '2024-11-06 11:06:09'),
('861f10ff-e8d1-4bc9-9807-4a6ef44e47b5', 'cb6e6cb1-975f-11ef-8682-0242ac140002', 'ec46e624-9735-11ef-8682-0242ac140002', 'admin has left!', 'LEAVE', '2024-11-06 16:16:02'),
('862be8bc-968a-4644-815a-2d5217237327', 'cb6e6cb1-975f-11ef-8682-0242ac140002', '65633435-6266-3165-2d39-3733352d3131', 'user1 đã tham gia!', 'JOIN', '2024-11-08 15:18:14'),
('86840cd2-0267-4bbe-aa0f-060c6fb5eff4', 'cb6e6cb1-975f-11ef-8682-0242ac140002', 'ec46e624-9735-11ef-8682-0242ac140002', 'admin has left!', 'LEAVE', '2024-11-06 10:41:00'),
('875d2b12-ee94-45cc-ba8f-4a09b1b7dfad', 'cb6e6cb1-975f-11ef-8682-0242ac140002', 'ec46e624-9735-11ef-8682-0242ac140002', 'admin has left!', 'LEAVE', '2024-11-06 11:28:51'),
('876af390-88da-4fa7-a765-f42d4c6d1a6d', '9932ca42-9a7e-11ef-81cf-0242ac140004', 'ec46e624-9735-11ef-8682-0242ac140002', 'ủa gì zay', 'CHAT', '2024-11-06 11:19:46'),
('876c330f-a5b2-43f3-8f5b-3adac880a234', 'cb6e6cb1-975f-11ef-8682-0242ac140002', 'ec46e624-9735-11ef-8682-0242ac140002', 'admin đã tham gia!', 'JOIN', '2024-11-08 15:37:18'),
('87a1b74f-7b54-41d5-a640-618209ea347b', 'cb6e6cb1-975f-11ef-8682-0242ac140002', 'ec46e624-9735-11ef-8682-0242ac140002', 'admin has left!', 'LEAVE', '2024-11-07 16:55:37'),
('87d293c0-6acc-4f3e-9bd4-f6048292d4d7', 'cb6e6cb1-975f-11ef-8682-0242ac140002', 'ec46e624-9735-11ef-8682-0242ac140002', 'admin has left!', 'LEAVE', '2024-11-07 17:05:59'),
('8b8795dd-12a7-4cb8-be6b-875eaf972b4b', 'cb6e6cb1-975f-11ef-8682-0242ac140002', '65633435-6266-3165-2d39-3733352d3131', 'user1 has left!', 'LEAVE', '2024-11-07 16:11:56'),
('8cb9cf89-3d2f-4236-97e1-40b61ec271af', 'cb6e6cb1-975f-11ef-8682-0242ac140002', 'ec46e495-9735-11ef-8682-0242ac140002', 'user6 has left!', 'LEAVE', '2024-11-07 15:48:19'),
('8d41cad8-4a94-4070-b8ff-60cc10f7bf81', 'cb6e6cb1-975f-11ef-8682-0242ac140002', 'ec46e624-9735-11ef-8682-0242ac140002', 'admin has left!', 'LEAVE', '2024-11-06 10:41:00'),
('8dff0d67-2f33-408b-923b-98614e3fd1b7', 'cb6e6cb1-975f-11ef-8682-0242ac140002', 'ec46e624-9735-11ef-8682-0242ac140002', 'hj', 'CHAT', '2024-11-07 13:01:46'),
('8e2be235-2598-48d9-8ce5-2628e3cc2e47', 'cb6e6cb1-975f-11ef-8682-0242ac140002', 'ec46e624-9735-11ef-8682-0242ac140002', 'admin has left!', 'LEAVE', '2024-11-06 11:36:51'),
('8e4449c4-a663-4423-ba67-b35ed037db09', 'cb6e6cb1-975f-11ef-8682-0242ac140002', 'ec46e624-9735-11ef-8682-0242ac140002', 'admin đã tham gia!', 'JOIN', '2024-11-08 15:40:19'),
('8ebf1932-fc7d-44a3-a575-d75f3171ddcb', 'cb6e6cb1-975f-11ef-8682-0242ac140002', 'ec46e624-9735-11ef-8682-0242ac140002', 'admin has left!', 'LEAVE', '2024-11-06 16:39:48'),
('8f5c622f-8cae-47d2-ad63-83e54d9dd110', 'cb6e6cb1-975f-11ef-8682-0242ac140002', '65633435-6266-3165-2d39-3733352d3131', 'user1 đã tham gia!', 'JOIN', '2024-11-08 15:56:20'),
('8f947c07-2ff1-403e-ae65-07c6e71328d7', 'cb6e6cb1-975f-11ef-8682-0242ac140002', 'ec46e624-9735-11ef-8682-0242ac140002', 'admin has left!', 'LEAVE', '2024-11-09 03:57:58'),
('8fd89dcb-f19c-4baf-8ce6-fd7dc7244a78', 'cb6e6cb1-975f-11ef-8682-0242ac140002', 'ec46e624-9735-11ef-8682-0242ac140002', 'admin đã tham gia!', 'JOIN', '2024-11-06 11:22:19'),
('8fdd6468-4422-40d9-8f3f-27b14486f986', 'cb6e6cb1-975f-11ef-8682-0242ac140002', 'ec46e624-9735-11ef-8682-0242ac140002', 'hi', 'CHAT', '2024-11-07 15:30:09'),
('8fea2c9b-21e1-4fc7-a0f5-2bcc5e76ad23', 'cb6e6cb1-975f-11ef-8682-0242ac140002', 'ec46e624-9735-11ef-8682-0242ac140002', 'admin has left!', 'LEAVE', '2024-11-06 11:16:38'),
('8ffa61ec-dd1d-4728-b2b8-0f692d19e875', 'cb6e6cb1-975f-11ef-8682-0242ac140002', 'ec46e624-9735-11ef-8682-0242ac140002', 'admin đã tham gia!', 'JOIN', '2024-11-08 16:22:27'),
('91eaf7b1-53cf-4657-88cd-3d367eae5dc9', 'cb6e6cb1-975f-11ef-8682-0242ac140002', 'ec46df77-9735-11ef-8682-0242ac140002', 'gì thế', 'CHAT', '2024-11-07 14:06:01'),
('92987bb3-0b68-4fc8-8a05-ad44a66c44a3', 'cb6e6cb1-975f-11ef-8682-0242ac140002', 'ec46e624-9735-11ef-8682-0242ac140002', 'hello', 'CHAT', '2024-11-07 13:52:32'),
('935304c8-ea1e-4931-8d16-d172aebc6bb2', 'cb6e6cb1-975f-11ef-8682-0242ac140002', 'ec46d79f-9735-11ef-8682-0242ac140002', 'user2 đã tham gia!', 'JOIN', '2024-11-08 15:27:34'),
('93df92d5-f1d0-4092-aea4-65d0cfa2ab26', 'cb6e6cb1-975f-11ef-8682-0242ac140002', 'ec46e624-9735-11ef-8682-0242ac140002', 'admin has left!', 'LEAVE', '2024-11-06 16:30:36'),
('94cd6924-b3b8-41a5-a624-55ae5e2080b5', 'cb6e6cb1-975f-11ef-8682-0242ac140002', '65633435-6266-3165-2d39-3733352d3131', 'hello', 'CHAT', '2024-11-09 00:08:54'),
('94d656a8-e9e4-44bd-b29a-ee9122d7c378', 'cb6e6cb1-975f-11ef-8682-0242ac140002', 'ec46e624-9735-11ef-8682-0242ac140002', 'hi', 'CHAT', '2024-11-06 10:41:54'),
('94fda60a-0bc3-4b81-9a23-549974f311d7', 'cb6e6cb1-975f-11ef-8682-0242ac140002', '65633435-6266-3165-2d39-3733352d3131', 'user1 has left!', 'LEAVE', '2024-11-08 15:40:46'),
('96b6034e-34ed-4a52-bdb0-005645908b46', 'cb6e6cb1-975f-11ef-8682-0242ac140002', '65633435-6266-3165-2d39-3733352d3131', 'user1 has left!', 'LEAVE', '2024-11-08 15:18:19'),
('976134cb-757b-4789-ae95-0061b9f61ed4', 'cb6e6cb1-975f-11ef-8682-0242ac140002', 'ec46e624-9735-11ef-8682-0242ac140002', 'hi', 'CHAT', '2024-11-09 02:35:12'),
('976de378-489e-408a-8b5f-bb0c4fe9a0d9', 'cb6e6cb1-975f-11ef-8682-0242ac140002', '65633435-6266-3165-2d39-3733352d3131', 'user1 has left!', 'LEAVE', '2024-11-07 16:24:21'),
('979f0776-955e-4eb8-bfd7-34746f768097', 'cb6e6cb1-975f-11ef-8682-0242ac140002', 'ec46e5c5-9735-11ef-8682-0242ac140002', 'user9 đã tham gia!', 'JOIN', '2024-11-08 15:52:08'),
('97a155c1-c2ca-4a60-a8c6-2e3e9710ad1e', 'cb6e6cb1-975f-11ef-8682-0242ac140002', 'ec46e624-9735-11ef-8682-0242ac140002', 'admin has left!', 'LEAVE', '2024-11-09 02:40:29'),
('98296eed-9473-4aae-b1b3-2b5275df37a8', 'cb6e6cb1-975f-11ef-8682-0242ac140002', 'ec46e624-9735-11ef-8682-0242ac140002', 'admin đã tham gia!', 'JOIN', '2024-11-08 16:11:57'),
('98be8111-abb3-42b9-85ec-e8089cccc5e6', 'cb6e6cb1-975f-11ef-8682-0242ac140002', 'ec46df77-9735-11ef-8682-0242ac140002', 'user3 đã tham gia!', 'JOIN', '2024-11-07 14:07:54'),
('991aba8c-9d88-4730-be06-0174ccd6d4fb', 'cb6e6cb1-975f-11ef-8682-0242ac140002', 'ec46e624-9735-11ef-8682-0242ac140002', 'admin đã tham gia!', 'JOIN', '2024-11-06 11:37:15'),
('996268a1-8758-452e-84bd-609425bd24cd', 'cb6e6cb1-975f-11ef-8682-0242ac140002', 'ec46e624-9735-11ef-8682-0242ac140002', 'hello', 'CHAT', '2024-11-09 03:24:08'),
('9ada67ac-1ee2-40ee-bb84-75187b6d9021', 'cb6e6cb1-975f-11ef-8682-0242ac140002', 'ec46e624-9735-11ef-8682-0242ac140002', 'hi', 'CHAT', '2024-11-09 03:42:34'),
('9b0f26cb-846b-4428-b2be-db66fbc61a2e', 'cb6e6cb1-975f-11ef-8682-0242ac140002', 'ec46e624-9735-11ef-8682-0242ac140002', 'hả', 'CHAT', '2024-11-09 03:53:57'),
('9b3d8134-7e3d-4955-a91d-2fd98fd0a13d', 'cb6e6cb1-975f-11ef-8682-0242ac140002', 'ec46e624-9735-11ef-8682-0242ac140002', 'hi', 'CHAT', '2024-11-09 01:44:56'),
('9c76616e-5696-4b8d-8687-2759b5ab680d', 'cb6e6cb1-975f-11ef-8682-0242ac140002', 'ec46e624-9735-11ef-8682-0242ac140002', 'admin has left!', 'LEAVE', '2024-11-08 16:06:46'),
('9d5f2e20-01dd-4b9e-a9f6-e61cfb4fbeda', 'cb6e6cb1-975f-11ef-8682-0242ac140002', 'ec46d79f-9735-11ef-8682-0242ac140002', 'user2 has left!', 'LEAVE', '2024-11-07 14:04:11'),
('9da58d8b-f9f3-4eb7-a1e6-e9b8fc3aed57', 'cb6e6cb1-975f-11ef-8682-0242ac140002', '65633435-6266-3165-2d39-3733352d3131', 'user1 đã tham gia!', 'JOIN', '2024-11-07 16:11:47'),
('9ddf8579-04f2-4f78-96ea-ec97f5fd032a', 'cb6e6cb1-975f-11ef-8682-0242ac140002', '65633435-6266-3165-2d39-3733352d3131', 'user1 has left!', 'LEAVE', '2024-11-07 14:49:01'),
('9df28839-5b15-4a38-aec0-567663b2619e', 'cb6e6cb1-975f-11ef-8682-0242ac140002', 'ec46e624-9735-11ef-8682-0242ac140002', 'admin đã tham gia!', 'JOIN', '2024-11-07 16:04:26'),
('9e6d0e03-0aad-429c-bafb-d1f52b99f667', 'cb6e6cb1-975f-11ef-8682-0242ac140002', 'ec46e624-9735-11ef-8682-0242ac140002', 'admin đã tham gia!', 'JOIN', '2024-11-07 16:25:08'),
('9f45d1a1-1fa0-4a11-a2a6-028982aa2a87', 'cb6e6cb1-975f-11ef-8682-0242ac140002', 'ec46d79f-9735-11ef-8682-0242ac140002', 'user2 đã tham gia!', 'JOIN', '2024-11-08 15:18:01'),
('9f632a86-8d1c-4c01-ae9b-c357fb30e0f4', 'cb6e6cb1-975f-11ef-8682-0242ac140002', 'ec46e624-9735-11ef-8682-0242ac140002', 'admin đã tham gia!', 'JOIN', '2024-11-07 16:22:12'),
('a07cfacc-4d29-4b31-985c-b6ffb622a465', 'cb6e6cb1-975f-11ef-8682-0242ac140002', 'ec46e624-9735-11ef-8682-0242ac140002', 'hi', 'CHAT', '2024-11-07 13:00:34'),
('a091eedb-1f1a-4b98-889f-18774843eb7c', 'cb6e6cb1-975f-11ef-8682-0242ac140002', 'ec46e624-9735-11ef-8682-0242ac140002', 'admin has left!', 'LEAVE', '2024-11-09 02:35:04'),
('a13f8a0c-a2f5-4794-aad8-7bcf1e9def57', 'cb6e6cb1-975f-11ef-8682-0242ac140002', 'ec46e624-9735-11ef-8682-0242ac140002', 'admin has left!', 'LEAVE', '2024-11-09 00:09:01'),
('a1a1debe-424b-4870-84d2-70fdcfad1af9', 'cb6e6cb1-975f-11ef-8682-0242ac140002', 'ec46e624-9735-11ef-8682-0242ac140002', 'admin has left!', 'LEAVE', '2024-11-07 14:48:03'),
('a26afc51-8cad-418d-84f2-b83c201bbaa0', 'cb6e6cb1-975f-11ef-8682-0242ac140002', 'ec46e624-9735-11ef-8682-0242ac140002', 'admin đã tham gia!', 'JOIN', '2024-11-06 10:57:54'),
('a286a31f-a050-420c-b014-6eb476de0d7f', 'cb6e6cb1-975f-11ef-8682-0242ac140002', 'ec46e624-9735-11ef-8682-0242ac140002', 'admin has left!', 'LEAVE', '2024-11-08 15:28:03'),
('a2ac6a55-a395-4879-960d-4341ea26253d', 'cb6e6cb1-975f-11ef-8682-0242ac140002', 'ec46e624-9735-11ef-8682-0242ac140002', 'admin đã tham gia!', 'JOIN', '2024-11-08 15:28:03'),
('a3dd4e61-bd62-4ca7-839a-b3594d882925', 'cb6e6cb1-975f-11ef-8682-0242ac140002', 'ec46e624-9735-11ef-8682-0242ac140002', 'admin đã tham gia!', 'JOIN', '2024-11-06 11:16:28'),
('a42dd1c6-4bf8-4566-81bb-63a75489d654', '9932ca42-9a7e-11ef-81cf-0242ac140004', 'ec46e624-9735-11ef-8682-0242ac140002', 'hi', 'CHAT', '2024-11-09 02:34:57'),
('a53ed3b1-cbb0-4d66-a70f-51ca6ed8d812', 'cb6e6cb1-975f-11ef-8682-0242ac140002', 'ec46e624-9735-11ef-8682-0242ac140002', 'admin has left!', 'LEAVE', '2024-11-09 02:53:00'),
('a5d6d162-6cf7-4a98-984c-15a2458383a8', 'cb6e6cb1-975f-11ef-8682-0242ac140002', 'ec46e624-9735-11ef-8682-0242ac140002', 'hello', 'CHAT', '2024-11-07 15:09:32'),
('a6a9de0e-48be-469a-b49e-85dea38027a3', 'cb6e6cb1-975f-11ef-8682-0242ac140002', 'ec46e624-9735-11ef-8682-0242ac140002', 'admin đã tham gia!', 'JOIN', '2024-11-06 11:21:14'),
('a832bf3a-44fd-4e27-995a-788b36847bf3', 'cb6e6cb1-975f-11ef-8682-0242ac140002', 'ec46e624-9735-11ef-8682-0242ac140002', 'admin đã tham gia!', 'JOIN', '2024-11-08 15:51:56'),
('a93fe22b-99ad-40dc-a9b6-97a147f2b931', 'cb6e6cb1-975f-11ef-8682-0242ac140002', '65633435-6266-3165-2d39-3733352d3131', 'user1 đã tham gia!', 'JOIN', '2024-11-07 14:05:12');
INSERT INTO `messages` (`id`, `room_id`, `sender_id`, `content`, `message_type`, `created_at`) VALUES
('aa5daf14-27aa-4d45-9767-e313d5aa8c59', 'cb6e6cb1-975f-11ef-8682-0242ac140002', 'ec46e624-9735-11ef-8682-0242ac140002', 'admin đã tham gia!', 'JOIN', '2024-11-07 13:01:05'),
('aa652ac1-5006-4d2a-be86-f445fad3b961', 'cb6e6cb1-975f-11ef-8682-0242ac140002', 'ec46e624-9735-11ef-8682-0242ac140002', 'admin đã tham gia!', 'JOIN', '2024-11-07 16:59:34'),
('abd28a6a-75a4-4fb5-a5d9-eda0b62f6342', 'cb6e6cb1-975f-11ef-8682-0242ac140002', 'ec46e624-9735-11ef-8682-0242ac140002', 'admin has left!', 'LEAVE', '2024-11-09 02:35:08'),
('ac5f3b73-ea0f-4443-a9e7-11a5d0cc5503', 'cb6e6cb1-975f-11ef-8682-0242ac140002', '65633435-6266-3165-2d39-3733352d3131', 'user1 đã tham gia!', 'JOIN', '2024-11-07 16:53:03'),
('ad6674aa-7f68-4cf8-bd9e-20e0a734b371', 'cb6e6cb1-975f-11ef-8682-0242ac140002', 'ec46e624-9735-11ef-8682-0242ac140002', 'admin has left!', 'LEAVE', '2024-11-06 11:40:17'),
('ad6b584e-0232-4980-947f-0a0193fc8ef1', '9932ca42-9a7e-11ef-81cf-0242ac140004', 'ec46e624-9735-11ef-8682-0242ac140002', 'hello', 'CHAT', '2024-11-06 11:00:03'),
('adf76dde-6f3f-48f5-ad38-6794181871e9', 'cb6e6cb1-975f-11ef-8682-0242ac140002', 'ec46e624-9735-11ef-8682-0242ac140002', 'admin has left!', 'LEAVE', '2024-11-07 15:41:07'),
('adfb6748-5490-4bec-88ea-b0bd5b1a65f2', 'cb6e6cb1-975f-11ef-8682-0242ac140002', '65633435-6266-3165-2d39-3733352d3131', 'user1 đã tham gia!', 'JOIN', '2024-11-07 13:51:59'),
('ae092021-0b6c-41af-8b6d-4dfd685a9fc7', 'cb6e6cb1-975f-11ef-8682-0242ac140002', 'ec46e624-9735-11ef-8682-0242ac140002', 'admin has left!', 'LEAVE', '2024-11-07 16:11:22'),
('b008e1fe-a204-4b51-af58-ec39cb271b86', 'cb6e6cb1-975f-11ef-8682-0242ac140002', 'ec46e624-9735-11ef-8682-0242ac140002', 'admin đã tham gia!', 'JOIN', '2024-11-07 14:02:56'),
('b02739d2-4c07-4821-a96a-2ff89e12596c', 'cb6e6cb1-975f-11ef-8682-0242ac140002', 'ec46d79f-9735-11ef-8682-0242ac140002', 'user2 has left!', 'LEAVE', '2024-11-07 15:57:32'),
('b10f07e4-233b-4f6c-89ff-5a7c72a4fc8f', 'cb6e6cb1-975f-11ef-8682-0242ac140002', 'ec46e624-9735-11ef-8682-0242ac140002', 'hả', 'CHAT', '2024-11-09 02:41:15'),
('b1632a48-1e53-4ae7-89a5-17c64c3388db', 'cb6e6cb1-975f-11ef-8682-0242ac140002', 'ec46e624-9735-11ef-8682-0242ac140002', 'admin has left!', 'LEAVE', '2024-11-07 16:58:51'),
('b16da9d4-a74a-49a1-a37c-f657f6670409', 'cb6e6cb1-975f-11ef-8682-0242ac140002', 'ec46e624-9735-11ef-8682-0242ac140002', 'admin has left!', 'LEAVE', '2024-11-09 02:40:11'),
('b1995009-575a-4e71-9426-9d08ae58b8d3', 'cb6e6cb1-975f-11ef-8682-0242ac140002', 'ec46e624-9735-11ef-8682-0242ac140002', 'admin has left!', 'LEAVE', '2024-11-07 14:31:48'),
('b1a809e6-5b1f-46fd-8300-eac78557f9d5', 'cb6e6cb1-975f-11ef-8682-0242ac140002', 'ec46e624-9735-11ef-8682-0242ac140002', 'admin has left!', 'LEAVE', '2024-11-08 15:33:51'),
('b1b1cb26-6c9e-4ee3-819d-6e9a9c035410', 'cb6e6cb1-975f-11ef-8682-0242ac140002', 'ec46e624-9735-11ef-8682-0242ac140002', 'admin đã tham gia!', 'JOIN', '2024-11-06 11:16:33'),
('b2008595-6adb-4d79-bf54-717c08e33e29', 'cb6e6cb1-975f-11ef-8682-0242ac140002', 'ec46e624-9735-11ef-8682-0242ac140002', 'admin đã tham gia!', 'JOIN', '2024-11-06 16:30:36'),
('b2663c2b-7f2a-4f84-9fb8-a253ccbbc08f', 'cb6e6cb1-975f-11ef-8682-0242ac140002', 'ec46e624-9735-11ef-8682-0242ac140002', 'admin has left!', 'LEAVE', '2024-11-09 02:00:12'),
('b3197547-3ee8-4859-a5de-4c0255b97dce', 'cb6e6cb1-975f-11ef-8682-0242ac140002', 'ec46e624-9735-11ef-8682-0242ac140002', 'admin has left!', 'LEAVE', '2024-11-07 16:25:22'),
('b33b0045-02c5-4465-ae4b-94507fae178e', 'cb6e6cb1-975f-11ef-8682-0242ac140002', 'ec46e624-9735-11ef-8682-0242ac140002', 'hi', 'CHAT', '2024-11-09 03:46:53'),
('b33e6196-cdfb-456c-b752-78c0f2e39b50', 'cb6e6cb1-975f-11ef-8682-0242ac140002', 'ec46e624-9735-11ef-8682-0242ac140002', 'admin đã tham gia!', 'JOIN', '2024-11-08 15:35:08'),
('b39ab34d-10e9-4bca-bc4e-c2e88d1efe28', 'cb6e6cb1-975f-11ef-8682-0242ac140002', 'ec46e624-9735-11ef-8682-0242ac140002', 'admin has left!', 'LEAVE', '2024-11-06 11:06:05'),
('b42b3c7d-c295-45e5-b21f-0ec9d1e7d540', 'cb6e6cb1-975f-11ef-8682-0242ac140002', 'ec46e624-9735-11ef-8682-0242ac140002', 'admin has left!', 'LEAVE', '2024-11-09 02:39:59'),
('b50715c7-e266-4af2-9e49-9b54e4b4d80b', 'cb6e6cb1-975f-11ef-8682-0242ac140002', '65633435-6266-3165-2d39-3733352d3131', 'user1 has left!', 'LEAVE', '2024-11-08 16:15:01'),
('b5ddd113-00f3-4e9c-abd1-75de3441d196', 'cb6e6cb1-975f-11ef-8682-0242ac140002', 'ec46e624-9735-11ef-8682-0242ac140002', 'admin đã tham gia!', 'JOIN', '2024-11-06 11:23:07'),
('b5ff75bc-bce0-491a-a882-159806253b48', 'cb6e6cb1-975f-11ef-8682-0242ac140002', 'ec46d79f-9735-11ef-8682-0242ac140002', 'user2 đã tham gia!', 'JOIN', '2024-11-07 15:57:17'),
('b64e2c7e-0331-4f3f-a8d0-c23c880a09fd', 'cb6e6cb1-975f-11ef-8682-0242ac140002', 'ec46e624-9735-11ef-8682-0242ac140002', 'admin has left!', 'LEAVE', '2024-11-07 16:10:53'),
('b6711380-a033-4ced-9c2f-ec4497ca319c', 'cb6e6cb1-975f-11ef-8682-0242ac140002', 'ec46e624-9735-11ef-8682-0242ac140002', 'admin đã tham gia!', 'JOIN', '2024-11-06 10:34:56'),
('b68c56c4-9969-48e0-8e98-b2a919073e2b', 'cb6e6cb1-975f-11ef-8682-0242ac140002', 'ec46e624-9735-11ef-8682-0242ac140002', 'huh', 'CHAT', '2024-11-07 16:10:48'),
('b6bdf9da-4729-4fc3-bfa4-f643a2ff7f54', 'cb6e6cb1-975f-11ef-8682-0242ac140002', '65633435-6266-3165-2d39-3733352d3131', 'user1 has left!', 'LEAVE', '2024-11-08 15:18:20'),
('b7105607-f032-45c7-9529-0e75f3158ccc', 'cb6e6cb1-975f-11ef-8682-0242ac140002', '65633435-6266-3165-2d39-3733352d3131', 'user1 đã tham gia!', 'JOIN', '2024-11-07 13:01:53'),
('b786396d-50c8-44e7-adb2-fff97af94e4a', 'cb6e6cb1-975f-11ef-8682-0242ac140002', 'ec46e624-9735-11ef-8682-0242ac140002', 'hello', 'CHAT', '2024-11-08 15:30:46'),
('b84dcb55-9b86-4099-a67d-8b1dd87f8f20', 'cb6e6cb1-975f-11ef-8682-0242ac140002', '65633435-6266-3165-2d39-3733352d3131', 'user1 has left!', 'LEAVE', '2024-11-07 16:22:34'),
('b9b4da22-cba1-478c-8ecf-39836bf2f7be', 'cb6e6cb1-975f-11ef-8682-0242ac140002', 'ec46e624-9735-11ef-8682-0242ac140002', 'admin has left!', 'LEAVE', '2024-11-09 02:39:53'),
('b9d9eb34-f70a-4e78-a496-311efffbdc9f', 'cb6e6cb1-975f-11ef-8682-0242ac140002', '65633435-6266-3165-2d39-3733352d3131', 'hello', 'CHAT', '2024-11-09 01:45:32'),
('ba740106-d457-4734-b445-c535b0f610c5', 'cb6e6cb1-975f-11ef-8682-0242ac140002', 'ec46e624-9735-11ef-8682-0242ac140002', 'admin has left!', 'LEAVE', '2024-11-09 02:34:15'),
('bb3aaa60-8d6c-49f5-9761-be1a0fe4ca19', 'cb6e6cb1-975f-11ef-8682-0242ac140002', 'ec46e624-9735-11ef-8682-0242ac140002', 'hi', 'CHAT', '2024-11-09 02:20:46'),
('bb771433-d153-4cae-b185-e069072df7ab', 'cb6e6cb1-975f-11ef-8682-0242ac140002', '65633435-6266-3165-2d39-3733352d3131', 'user1 has left!', 'LEAVE', '2024-11-07 13:05:59'),
('bb85bcd1-045a-4e3b-9e39-e8e3b16fdf09', 'cb6e6cb1-975f-11ef-8682-0242ac140002', 'ec46e624-9735-11ef-8682-0242ac140002', 'admin has left!', 'LEAVE', '2024-11-06 16:42:22'),
('bc01a568-4256-46fd-8e2a-e38dfc0de2ff', 'cb6e6cb1-975f-11ef-8682-0242ac140002', 'ec46e624-9735-11ef-8682-0242ac140002', 'admin has left!', 'LEAVE', '2024-11-06 11:19:35'),
('bc17c496-7570-4c96-8e79-88bfadb2c983', 'cb6e6cb1-975f-11ef-8682-0242ac140002', '65633435-6266-3165-2d39-3733352d3131', 'user1 đã tham gia!', 'JOIN', '2024-11-08 15:18:20'),
('bd846b23-cccc-4e59-94f3-3dfd057f4a58', 'cb6e6cb1-975f-11ef-8682-0242ac140002', '65633435-6266-3165-2d39-3733352d3131', 'user1 has left!', 'LEAVE', '2024-11-07 16:11:59'),
('be012b75-02c0-4f23-a6dc-0585c9cf4258', 'cb6e6cb1-975f-11ef-8682-0242ac140002', 'ec46e624-9735-11ef-8682-0242ac140002', 'hả', 'CHAT', '2024-11-08 16:19:38'),
('be4202fe-8a32-4275-b3dd-eca4de4fa60f', 'cb6e6cb1-975f-11ef-8682-0242ac140002', 'ec46e624-9735-11ef-8682-0242ac140002', 'admin has left!', 'LEAVE', '2024-11-08 16:53:11'),
('be859c95-a6e5-4b91-9181-dab6b3e70dd1', 'cb6e6cb1-975f-11ef-8682-0242ac140002', '65633435-6266-3165-2d39-3733352d3131', 'user1 đã tham gia!', 'JOIN', '2024-11-08 16:44:09'),
('bed6bbe9-7743-410e-abdb-9c0e96af2b53', 'cb6e6cb1-975f-11ef-8682-0242ac140002', 'ec46e624-9735-11ef-8682-0242ac140002', 'admin has left!', 'LEAVE', '2024-11-09 02:41:07'),
('bfe531e9-95a0-4f9b-8226-984519a809c1', 'cb6e6cb1-975f-11ef-8682-0242ac140002', 'ec46e624-9735-11ef-8682-0242ac140002', 'cíu iem', 'CHAT', '2024-11-09 03:53:20'),
('c0b2988d-8edd-4531-a060-4f2c9f315f75', 'cb6e6cb1-975f-11ef-8682-0242ac140002', 'ec46e624-9735-11ef-8682-0242ac140002', 'admin has left!', 'LEAVE', '2024-11-06 10:50:28'),
('c10e2ee9-1e5a-4bbd-a7c2-31c4b487a9e5', 'cb6e6cb1-975f-11ef-8682-0242ac140002', '65633435-6266-3165-2d39-3733352d3131', 'gì cơ', 'CHAT', '2024-11-07 16:04:17'),
('c1abf4eb-bf13-4e82-addd-d3d1abd99816', 'cb6e6cb1-975f-11ef-8682-0242ac140002', 'ec46df77-9735-11ef-8682-0242ac140002', 'user3 đã tham gia!', 'JOIN', '2024-11-08 16:27:33'),
('c1b94d7d-e094-4da6-afea-5e4847eb6dd2', 'cb6e6cb1-975f-11ef-8682-0242ac140002', 'ec46e624-9735-11ef-8682-0242ac140002', 'admin đã tham gia!', 'JOIN', '2024-11-06 16:16:16'),
('c2137090-7d4f-436f-9437-4792c431913d', 'cb6e6cb1-975f-11ef-8682-0242ac140002', '65633435-6266-3165-2d39-3733352d3131', 'user1 has left!', 'LEAVE', '2024-11-07 16:11:02'),
('c226a166-bd4f-4a4a-872d-281857e3b82e', 'cb6e6cb1-975f-11ef-8682-0242ac140002', 'ec46e624-9735-11ef-8682-0242ac140002', 'admin đã tham gia!', 'JOIN', '2024-11-06 16:06:50'),
('c278e8de-d2b4-41fd-8846-fcc7515c425b', 'cb6e6cb1-975f-11ef-8682-0242ac140002', '65633435-6266-3165-2d39-3733352d3131', 'user1 has left!', 'LEAVE', '2024-11-07 15:57:33'),
('c282df18-41a8-4da7-a314-d3e7ff44afae', 'cb6e6cb1-975f-11ef-8682-0242ac140002', 'ec46e624-9735-11ef-8682-0242ac140002', 'admin has left!', 'LEAVE', '2024-11-09 02:39:36'),
('c339282c-623d-4e20-b167-60ea8b630df6', 'cb6e6cb1-975f-11ef-8682-0242ac140002', 'ec46e624-9735-11ef-8682-0242ac140002', 'admin has left!', 'LEAVE', '2024-11-06 11:21:07'),
('c33a01a5-3e39-4c39-a9c2-aca0e1a035d5', 'cb6e6cb1-975f-11ef-8682-0242ac140002', '65633435-6266-3165-2d39-3733352d3131', 'user1 has left!', 'LEAVE', '2024-11-07 16:12:09'),
('c3b428c4-9b10-4406-a16a-3d86493b1cf1', 'cb6e6cb1-975f-11ef-8682-0242ac140002', 'ec46e624-9735-11ef-8682-0242ac140002', 'admin has left!', 'LEAVE', '2024-11-06 10:37:00'),
('c3b42fb4-7878-4da3-ab0e-1418c4550729', 'cb6e6cb1-975f-11ef-8682-0242ac140002', '65633435-6266-3165-2d39-3733352d3131', 'user1 đã tham gia!', 'JOIN', '2024-11-07 16:09:20'),
('c490b3d3-cfbf-4014-b0b3-980c4c185e5e', 'cb6e6cb1-975f-11ef-8682-0242ac140002', 'ec46e495-9735-11ef-8682-0242ac140002', 'wtf', 'CHAT', '2024-11-07 15:48:11'),
('c5309cf4-8068-4f28-a171-080336cb4592', 'cb6e6cb1-975f-11ef-8682-0242ac140002', 'ec46e624-9735-11ef-8682-0242ac140002', 'admin đã tham gia!', 'JOIN', '2024-11-06 11:16:39'),
('c5899f10-56e5-4a98-b338-7bc59f8fede2', 'cb6e6cb1-975f-11ef-8682-0242ac140002', 'ec46e624-9735-11ef-8682-0242ac140002', 'hi', 'CHAT', '2024-11-08 15:31:00'),
('c6137ac5-cd93-4174-92b6-95f434516d52', 'cb6e6cb1-975f-11ef-8682-0242ac140002', 'ec46e624-9735-11ef-8682-0242ac140002', 'admin đã tham gia!', 'JOIN', '2024-11-08 15:30:40'),
('c62995a1-405a-4e46-b0b0-2ea196396e92', 'cb6e6cb1-975f-11ef-8682-0242ac140002', 'ec46e624-9735-11ef-8682-0242ac140002', 'admin has left!', 'LEAVE', '2024-11-09 02:40:11'),
('c68eeabb-8097-4f96-ba82-f60c5afb90ca', 'cb6e6cb1-975f-11ef-8682-0242ac140002', 'ec46e624-9735-11ef-8682-0242ac140002', 'admin has left!', 'LEAVE', '2024-11-07 16:04:31'),
('c704823b-8c5d-488b-8f35-afe75e93bc24', 'cb6e6cb1-975f-11ef-8682-0242ac140002', 'ec46e624-9735-11ef-8682-0242ac140002', 'ối dồi ôi', 'CHAT', '2024-11-07 15:56:37'),
('c9432d82-cc8d-4321-88ce-373f3122bade', 'cb6e6cb1-975f-11ef-8682-0242ac140002', 'ec46e624-9735-11ef-8682-0242ac140002', 'admin đã tham gia!', 'JOIN', '2024-11-08 15:55:04'),
('c9b08385-ec6e-4bd9-bddd-876aba98e18c', 'cb6e6cb1-975f-11ef-8682-0242ac140002', 'ec46e624-9735-11ef-8682-0242ac140002', 'hi', 'CHAT', '2024-11-07 15:41:43'),
('c9ccd772-347b-4275-a744-0df5b9526740', 'cb6e6cb1-975f-11ef-8682-0242ac140002', '65633435-6266-3165-2d39-3733352d3131', 'hi', 'CHAT', '2024-11-08 15:31:04'),
('ca32ba4a-5277-440f-a842-38f5adc58f93', 'cb6e6cb1-975f-11ef-8682-0242ac140002', 'ec46e624-9735-11ef-8682-0242ac140002', 'admin has left!', 'LEAVE', '2024-11-09 02:39:58'),
('ca65007b-bd8b-4780-b3c0-af583ed55af4', 'cb6e6cb1-975f-11ef-8682-0242ac140002', '65633435-6266-3165-2d39-3733352d3131', 'user1 has left!', 'LEAVE', '2024-11-08 16:54:47'),
('caae116e-dacf-448b-97e7-b702b8dbe9b6', 'cb6e6cb1-975f-11ef-8682-0242ac140002', '65633435-6266-3165-2d39-3733352d3131', 'user1 đã tham gia!', 'JOIN', '2024-11-07 16:04:05'),
('cad669c7-c4e2-4661-90a7-140fae419c2a', 'cb6e6cb1-975f-11ef-8682-0242ac140002', 'ec46e624-9735-11ef-8682-0242ac140002', 'admin đã tham gia!', 'JOIN', '2024-11-07 16:09:02'),
('cb483551-a305-4b00-8bfa-b4de86376a0c', 'cb6e6cb1-975f-11ef-8682-0242ac140002', 'ec46e624-9735-11ef-8682-0242ac140002', 'admin has left!', 'LEAVE', '2024-11-07 16:09:03'),
('cc03262a-5ef6-48d5-8773-2c3682d03bbc', 'cb6e6cb1-975f-11ef-8682-0242ac140002', 'ec46e624-9735-11ef-8682-0242ac140002', 'admin has left!', 'LEAVE', '2024-11-06 10:58:40'),
('cc820833-bea4-4a4a-9313-e0dfe594b916', 'cb6e6cb1-975f-11ef-8682-0242ac140002', 'ec46e624-9735-11ef-8682-0242ac140002', 'admin has left!', 'LEAVE', '2024-11-08 15:38:52'),
('cc932c57-a88c-4cc9-a61d-9305f93b167f', 'cb6e6cb1-975f-11ef-8682-0242ac140002', 'ec46d79f-9735-11ef-8682-0242ac140002', 'user2 has left!', 'LEAVE', '2024-11-08 15:27:45'),
('cc9ceb75-b12a-4a0b-8883-0c69ad22fd55', 'cb6e6cb1-975f-11ef-8682-0242ac140002', 'ec46e624-9735-11ef-8682-0242ac140002', 'admin has left!', 'LEAVE', '2024-11-09 03:27:02'),
('ccf95f78-bb16-4147-b471-cc46ff94de79', 'cb6e6cb1-975f-11ef-8682-0242ac140002', 'ec46e624-9735-11ef-8682-0242ac140002', 'admin has left!', 'LEAVE', '2024-11-09 02:20:18'),
('cd58c68a-d48a-45c8-b9f7-c56d1835cad6', 'cb6e6cb1-975f-11ef-8682-0242ac140002', 'ec46e624-9735-11ef-8682-0242ac140002', 'hả', 'CHAT', '2024-11-07 16:03:50'),
('cd9a76f0-d8aa-4436-b850-66a599a2016b', 'cb6e6cb1-975f-11ef-8682-0242ac140002', 'ec46e624-9735-11ef-8682-0242ac140002', 'hi', 'CHAT', '2024-11-08 15:27:40'),
('cdec57f0-1af2-4f8d-91ea-2a891f368a66', 'cb6e6cb1-975f-11ef-8682-0242ac140002', 'ec46e624-9735-11ef-8682-0242ac140002', 'admin đã tham gia!', 'JOIN', '2024-11-07 16:11:09'),
('cf106191-d24b-437a-9810-bdf3f565a8c9', 'cb6e6cb1-975f-11ef-8682-0242ac140002', '65633435-6266-3165-2d39-3733352d3131', 'user1 đã tham gia!', 'JOIN', '2024-11-08 15:18:20'),
('cf6e7d56-a2eb-42d2-8ef8-7c65aa9434db', 'cb6e6cb1-975f-11ef-8682-0242ac140002', '65633435-6266-3165-2d39-3733352d3131', 'user1 has left!', 'LEAVE', '2024-11-08 15:33:46'),
('d0024cff-fdc3-4d22-8c84-8b93bb5f0abc', 'cb6e6cb1-975f-11ef-8682-0242ac140002', 'ec46e624-9735-11ef-8682-0242ac140002', 'admin has left!', 'LEAVE', '2024-11-09 02:39:24'),
('d03db3d7-0221-4457-a86d-5295f1f8cb98', 'cb6e6cb1-975f-11ef-8682-0242ac140002', 'ec46e624-9735-11ef-8682-0242ac140002', 'hi', 'CHAT', '2024-11-07 13:52:07'),
('d1003d9a-6dce-4896-8fad-e92d8b9e0d7c', 'cb6e6cb1-975f-11ef-8682-0242ac140002', 'ec46e624-9735-11ef-8682-0242ac140002', 'admin has left!', 'LEAVE', '2024-11-07 15:56:02'),
('d31e898f-499a-4c7e-9f36-ac971e7ef728', 'cb6e6cb1-975f-11ef-8682-0242ac140002', 'ec46e624-9735-11ef-8682-0242ac140002', 'admin has left!', 'LEAVE', '2024-11-07 15:56:01'),
('d3327d1e-9564-41f5-94fd-28fd6ecd5129', 'cb6e6cb1-975f-11ef-8682-0242ac140002', 'ec46e624-9735-11ef-8682-0242ac140002', 'admin đã tham gia!', 'JOIN', '2024-11-07 15:56:03'),
('d51efa77-20ff-4245-b806-6598dbf73415', 'cb6e6cb1-975f-11ef-8682-0242ac140002', 'ec46e624-9735-11ef-8682-0242ac140002', 'hi', 'CHAT', '2024-11-07 14:56:59'),
('d546ef06-9cab-48a6-83d6-b59a1d9e8f00', 'cb6e6cb1-975f-11ef-8682-0242ac140002', 'ec46e624-9735-11ef-8682-0242ac140002', 'go', 'CHAT', '2024-11-07 13:02:15'),
('d55f0954-9476-4559-8ff1-e723c8581445', 'cb6e6cb1-975f-11ef-8682-0242ac140002', 'ec46e624-9735-11ef-8682-0242ac140002', 'admin đã tham gia!', 'JOIN', '2024-11-08 15:25:21'),
('d613a10a-06cd-4d28-ad89-e77519fe3939', 'cb6e6cb1-975f-11ef-8682-0242ac140002', 'ec46e624-9735-11ef-8682-0242ac140002', 'hi', 'CHAT', '2024-11-06 10:51:34'),
('d6c60544-f9dd-4bfd-badf-242396b58a51', 'cb6e6cb1-975f-11ef-8682-0242ac140002', 'ec46e624-9735-11ef-8682-0242ac140002', 'admin has left!', 'LEAVE', '2024-11-08 16:32:12'),
('d9543894-e919-4016-a205-989f852e996d', 'cb6e6cb1-975f-11ef-8682-0242ac140002', '65633435-6266-3165-2d39-3733352d3131', 'user1 has left!', 'LEAVE', '2024-11-07 14:03:34'),
('d9c3c344-09e3-4298-afe1-d36a4182508f', 'cb6e6cb1-975f-11ef-8682-0242ac140002', 'ec46e624-9735-11ef-8682-0242ac140002', 'admin has left!', 'LEAVE', '2024-11-09 03:57:50'),
('db400588-9566-46fb-9e87-a8a4efc1c457', 'cb6e6cb1-975f-11ef-8682-0242ac140002', '65633435-6266-3165-2d39-3733352d3131', 'user1 đã tham gia!', 'JOIN', '2024-11-08 16:01:46'),
('dbabc107-7909-4fe3-a126-0cbf0f10175c', 'cb6e6cb1-975f-11ef-8682-0242ac140002', '65633435-6266-3165-2d39-3733352d3131', 'user1 has left!', 'LEAVE', '2024-11-08 15:57:46'),
('dbf76965-0446-4cdd-95f8-582b4b575235', 'cb6e6cb1-975f-11ef-8682-0242ac140002', 'ec46d79f-9735-11ef-8682-0242ac140002', 'user2 đã tham gia!', 'JOIN', '2024-11-08 16:19:45'),
('dc2f477c-f3ca-4794-a0d9-6cd23f35f413', 'cb6e6cb1-975f-11ef-8682-0242ac140002', '65633435-6266-3165-2d39-3733352d3131', 'user1 has left!', 'LEAVE', '2024-11-07 17:06:41'),
('dca47b7f-dfd8-49fa-bbea-a43d62b28e32', 'cb6e6cb1-975f-11ef-8682-0242ac140002', '65633435-6266-3165-2d39-3733352d3131', 'user1 has left!', 'LEAVE', '2024-11-07 16:11:55'),
('dcfd5c8c-df9d-4d2a-9a3f-f5fbb9621ea2', 'cb6e6cb1-975f-11ef-8682-0242ac140002', 'ec46e624-9735-11ef-8682-0242ac140002', 'admin đã tham gia!', 'JOIN', '2024-11-06 10:50:29'),
('dd44f36a-4c7f-4f78-9c5a-7614241aa66a', 'cb6e6cb1-975f-11ef-8682-0242ac140002', 'ec46e624-9735-11ef-8682-0242ac140002', 'hi', 'CHAT', '2024-11-09 03:53:48'),
('ddc2d536-f611-47be-8df0-f35e1a7748b7', 'cb6e6cb1-975f-11ef-8682-0242ac140002', 'ec46e624-9735-11ef-8682-0242ac140002', 'admin has left!', 'LEAVE', '2024-11-09 00:59:31'),
('de6f637d-1a5f-4a51-aad8-739516a9d2d2', 'cb6e6cb1-975f-11ef-8682-0242ac140002', '65633435-6266-3165-2d39-3733352d3131', 'user1 has left!', 'LEAVE', '2024-11-09 00:37:18'),
('dec473cf-fa32-43bb-a64b-6027fdd0abad', 'cb6e6cb1-975f-11ef-8682-0242ac140002', 'ec46e624-9735-11ef-8682-0242ac140002', 'admin đã tham gia!', 'JOIN', '2024-11-07 16:08:52'),
('ded34059-b5f2-4609-9e3b-30f41de2ed44', 'cb6e6cb1-975f-11ef-8682-0242ac140002', 'ec46df77-9735-11ef-8682-0242ac140002', 'user3 đã tham gia!', 'JOIN', '2024-11-08 16:45:18'),
('def4e518-3eaf-4b45-9c40-229d7a439c21', 'cb6e6cb1-975f-11ef-8682-0242ac140002', '65633435-6266-3165-2d39-3733352d3131', 'user1 has left!', 'LEAVE', '2024-11-09 00:10:51'),
('e0dc7b32-39e5-4cf6-8f96-b1bee68bbad6', 'cb6e6cb1-975f-11ef-8682-0242ac140002', 'ec46d79f-9735-11ef-8682-0242ac140002', 'user2 đã tham gia!', 'JOIN', '2024-11-07 14:04:04'),
('e13d96f8-8afd-47da-b565-57b266b48d9c', 'cb6e6cb1-975f-11ef-8682-0242ac140002', 'ec46e624-9735-11ef-8682-0242ac140002', 'admin has left!', 'LEAVE', '2024-11-06 16:44:14'),
('e161ce9c-bc41-467d-bacf-f7baee96b26b', 'cb6e6cb1-975f-11ef-8682-0242ac140002', 'ec46e624-9735-11ef-8682-0242ac140002', 'admin has left!', 'LEAVE', '2024-11-07 14:47:52'),
('e1923f1f-1ba1-4c27-aa8a-d2c7721a160d', 'cb6e6cb1-975f-11ef-8682-0242ac140002', '65633435-6266-3165-2d39-3733352d3131', 'user1 đã tham gia!', 'JOIN', '2024-11-07 16:25:16'),
('e1fd10dd-e9e1-4f8f-b71f-336c5fb100c5', 'cb6e6cb1-975f-11ef-8682-0242ac140002', 'ec46e624-9735-11ef-8682-0242ac140002', 'admin đã tham gia!', 'JOIN', '2024-11-08 15:33:48'),
('e3098361-08b4-4a95-977f-6aea3f9eb62f', 'cb6e6cb1-975f-11ef-8682-0242ac140002', '65633435-6266-3165-2d39-3733352d3131', 'hello', 'CHAT', '2024-11-09 03:43:31'),
('e3c1a963-5c84-4c62-9e2c-1b6064682c9d', 'cb6e6cb1-975f-11ef-8682-0242ac140002', 'ec46e624-9735-11ef-8682-0242ac140002', 'admin đã tham gia!', 'JOIN', '2024-11-06 16:44:12'),
('e53a6609-f4d8-441e-a95b-7e2d36c821d9', 'cb6e6cb1-975f-11ef-8682-0242ac140002', 'ec46e624-9735-11ef-8682-0242ac140002', 'admin has left!', 'LEAVE', '2024-11-06 11:28:00'),
('e5848094-f2d0-4dad-87b1-657fd129df58', 'cb6e6cb1-975f-11ef-8682-0242ac140002', '65633435-6266-3165-2d39-3733352d3131', 'user1 đã tham gia!', 'JOIN', '2024-11-08 15:18:15'),
('e595e09c-360b-4b98-8412-b73f447c2842', 'cb6e6cb1-975f-11ef-8682-0242ac140002', '65633435-6266-3165-2d39-3733352d3131', 'user1 đã tham gia!', 'JOIN', '2024-11-08 15:25:16'),
('e632d45f-54e7-4199-9c14-5515c961b841', 'cb6e6cb1-975f-11ef-8682-0242ac140002', '65633435-6266-3165-2d39-3733352d3131', 'user1 has left!', 'LEAVE', '2024-11-07 16:05:36'),
('e6a82830-094d-4970-9f0e-a90f2ca57050', 'cb6e6cb1-975f-11ef-8682-0242ac140002', 'ec46e624-9735-11ef-8682-0242ac140002', 'hi', 'CHAT', '2024-11-06 16:06:59'),
('e6bf0e7f-1405-43e8-8c68-70f260d4de0f', 'cb6e6cb1-975f-11ef-8682-0242ac140002', 'ec46d79f-9735-11ef-8682-0242ac140002', 'user2 has left!', 'LEAVE', '2024-11-08 15:18:11'),
('e758f38c-ffb7-4de4-b94c-dc42f915911f', 'cb6e6cb1-975f-11ef-8682-0242ac140002', 'ec46e624-9735-11ef-8682-0242ac140002', 'admin has left!', 'LEAVE', '2024-11-09 02:39:36'),
('e7c68333-6096-49c7-b63c-28cb35224a6a', 'cb6e6cb1-975f-11ef-8682-0242ac140002', 'ec46e624-9735-11ef-8682-0242ac140002', 'admin has left!', 'LEAVE', '2024-11-06 11:16:52'),
('e8342d81-5a66-4072-be5b-417db4ab0608', 'cb6e6cb1-975f-11ef-8682-0242ac140002', 'ec46e624-9735-11ef-8682-0242ac140002', 'admin đã tham gia!', 'JOIN', '2024-11-06 11:35:52'),
('e83fd290-6d38-4830-855a-fe0253a1974f', 'cb6e6cb1-975f-11ef-8682-0242ac140002', 'ec46e624-9735-11ef-8682-0242ac140002', 'hi', 'CHAT', '2024-11-09 03:05:30'),
('e862dd2f-8f1e-4e42-8ca6-50857a7a2af0', 'cb6e6cb1-975f-11ef-8682-0242ac140002', 'ec46e624-9735-11ef-8682-0242ac140002', 'hi', 'CHAT', '2024-11-06 11:06:31'),
('e94e5ee4-a3e6-4bba-8a47-021f2379dced', 'cb6e6cb1-975f-11ef-8682-0242ac140002', 'ec46e624-9735-11ef-8682-0242ac140002', 'admin has left!', 'LEAVE', '2024-11-09 02:34:22'),
('e9643782-31e0-4abc-a53f-1d9c3bb99112', 'cb6e6cb1-975f-11ef-8682-0242ac140002', 'ec46e624-9735-11ef-8682-0242ac140002', 'admin has left!', 'LEAVE', '2024-11-09 02:34:22'),
('e9ac3842-5209-45f5-9f09-317c33d0b234', 'cb6e6cb1-975f-11ef-8682-0242ac140002', 'ec46e624-9735-11ef-8682-0242ac140002', 'admin has left!', 'LEAVE', '2024-11-09 00:58:39'),
('ea0f29bf-2c1e-42f7-a509-9a34cac9471e', 'cb6e6cb1-975f-11ef-8682-0242ac140002', '65633435-6266-3165-2d39-3733352d3131', 'user1 đã tham gia!', 'JOIN', '2024-11-07 14:03:22'),
('ea7bc570-8bc9-4dcf-9e2e-b479f18c73fc', 'cb6e6cb1-975f-11ef-8682-0242ac140002', 'ec46e624-9735-11ef-8682-0242ac140002', 'admin has left!', 'LEAVE', '2024-11-07 13:05:59'),
('eaafb48f-38c1-45d3-aaeb-36eae97e7788', 'cb6e6cb1-975f-11ef-8682-0242ac140002', 'ec46e624-9735-11ef-8682-0242ac140002', 'admin has left!', 'LEAVE', '2024-11-09 03:01:56'),
('eb65ae0d-15dc-4fe8-acab-9960278a57b9', 'cb6e6cb1-975f-11ef-8682-0242ac140002', '65633435-6266-3165-2d39-3733352d3131', 'hi', 'CHAT', '2024-11-07 14:48:35'),
('ec8705c3-4c0e-43b1-9ebb-3f51e20b38f1', 'cb6e6cb1-975f-11ef-8682-0242ac140002', 'ec46e624-9735-11ef-8682-0242ac140002', 'admin has left!', 'LEAVE', '2024-11-08 16:22:32'),
('eccfc2ac-eaf4-4688-a498-607b587e9e3d', 'cb6e6cb1-975f-11ef-8682-0242ac140002', 'ec46e624-9735-11ef-8682-0242ac140002', 'admin has left!', 'LEAVE', '2024-11-09 02:40:29'),
('ede3483e-e3ab-40df-ad20-9b9ae269471d', 'cb6e6cb1-975f-11ef-8682-0242ac140002', 'ec46e624-9735-11ef-8682-0242ac140002', 'admin has left!', 'LEAVE', '2024-11-06 10:52:02'),
('efb50493-5489-40a0-9a66-59b082edafda', 'cb6e6cb1-975f-11ef-8682-0242ac140002', '65633435-6266-3165-2d39-3733352d3131', 'user1 has left!', 'LEAVE', '2024-11-09 02:22:58'),
('f0354fdb-9323-4a0f-9bd5-62ab9e381bc1', 'cb6e6cb1-975f-11ef-8682-0242ac140002', '65633435-6266-3165-2d39-3733352d3131', 'user1 đã tham gia!', 'JOIN', '2024-11-08 15:17:58'),
('f0c4b64f-32cb-4861-836c-5eb74a66d4af', 'cb6e6cb1-975f-11ef-8682-0242ac140002', 'ec46e624-9735-11ef-8682-0242ac140002', 'admin has left!', 'LEAVE', '2024-11-08 16:01:36'),
('f0e6ad3a-e115-4e92-9683-24b8a8a5551d', 'cb6e6cb1-975f-11ef-8682-0242ac140002', '65633435-6266-3165-2d39-3733352d3131', 'hả', 'CHAT', '2024-11-07 14:05:24'),
('f33e0368-279f-4f23-a3eb-8eca4e0f0751', 'cb6e6cb1-975f-11ef-8682-0242ac140002', 'ec46df77-9735-11ef-8682-0242ac140002', 'user3 has left!', 'LEAVE', '2024-11-07 14:09:57'),
('f46ff5b5-12d8-45f1-8637-91a371cb1b54', 'cb6e6cb1-975f-11ef-8682-0242ac140002', '65633435-6266-3165-2d39-3733352d3131', 'user1 has left!', 'LEAVE', '2024-11-07 16:11:02'),
('f4fd9138-992a-4bf4-877d-5092dd2822b7', 'cb6e6cb1-975f-11ef-8682-0242ac140002', 'ec46e624-9735-11ef-8682-0242ac140002', 'admin has left!', 'LEAVE', '2024-11-09 02:40:09'),
('f50c8dea-e765-4489-9d58-48d927a0b945', 'cb6e6cb1-975f-11ef-8682-0242ac140002', '65633435-6266-3165-2d39-3733352d3131', 'user1 has left!', 'LEAVE', '2024-11-08 16:01:49'),
('f51336b2-b3f4-4430-bd40-5586f17c2236', 'cb6e6cb1-975f-11ef-8682-0242ac140002', 'ec46e624-9735-11ef-8682-0242ac140002', 'admin has left!', 'LEAVE', '2024-11-09 01:37:05'),
('f70ba7b2-b10a-42f0-94a1-1bc8f1caba28', 'cb6e6cb1-975f-11ef-8682-0242ac140002', '65633435-6266-3165-2d39-3733352d3131', 'user1 has left!', 'LEAVE', '2024-11-07 16:32:41'),
('f753032d-64f4-451c-9e7b-c6008dff082e', 'cb6e6cb1-975f-11ef-8682-0242ac140002', 'ec46e624-9735-11ef-8682-0242ac140002', 'admin đã tham gia!', 'JOIN', '2024-11-07 14:48:38'),
('f7de4bb2-2a99-4014-9132-3cba55afc2df', 'cb6e6cb1-975f-11ef-8682-0242ac140002', 'ec46e624-9735-11ef-8682-0242ac140002', 'admin has left!', 'LEAVE', '2024-11-06 16:16:11'),
('f8c1a40a-04a6-435e-823a-67e4e6e28c59', 'cb6e6cb1-975f-11ef-8682-0242ac140002', 'ec46e624-9735-11ef-8682-0242ac140002', 'admin has left!', 'LEAVE', '2024-11-09 02:37:46'),
('f9792073-0cb7-431d-bf9c-d009f9653aa6', 'cb6e6cb1-975f-11ef-8682-0242ac140002', 'ec46e624-9735-11ef-8682-0242ac140002', 'admin đã tham gia!', 'JOIN', '2024-11-07 16:11:34'),
('fb1f6f47-1577-4873-bcdf-04aa0a1d1fb5', 'cb6e6cb1-975f-11ef-8682-0242ac140002', '65633435-6266-3165-2d39-3733352d3131', 'user1 has left!', 'LEAVE', '2024-11-07 16:24:22'),
('fb31b0f8-8e8d-4be2-b75d-bf9e8ab68ca9', 'cb6e6cb1-975f-11ef-8682-0242ac140002', '65633435-6266-3165-2d39-3733352d3131', 'user1 has left!', 'LEAVE', '2024-11-08 15:25:03'),
('fc4284e3-8299-4579-8b99-14cf3da334e7', 'cb6e6cb1-975f-11ef-8682-0242ac140002', 'ec46e624-9735-11ef-8682-0242ac140002', 'admin đã tham gia!', 'JOIN', '2024-11-06 11:03:20'),
('fc796568-73fd-4764-8419-ea232cc6d70b', 'cb6e6cb1-975f-11ef-8682-0242ac140002', 'ec46e624-9735-11ef-8682-0242ac140002', 'admin has left!', 'LEAVE', '2024-11-09 02:29:43'),
('fd3afd94-ca46-4164-9408-6c04f975e722', 'cb6e6cb1-975f-11ef-8682-0242ac140002', '65633435-6266-3165-2d39-3733352d3131', 'user1 has left!', 'LEAVE', '2024-11-08 15:31:12'),
('ff9877c8-40e7-4839-bf5b-ad254fe88067', 'cb6e6cb1-975f-11ef-8682-0242ac140002', 'ec46e624-9735-11ef-8682-0242ac140002', 'admin đã tham gia!', 'JOIN', '2024-11-07 16:54:46'),
('ffbf21c8-096b-4ec5-9bea-e9050d22d3ed', 'cb6e6cb1-975f-11ef-8682-0242ac140002', 'ec46e624-9735-11ef-8682-0242ac140002', 'admin đã tham gia!', 'JOIN', '2024-11-06 16:42:16'),
('ffec4b13-6230-4349-a6c2-05597167dcfc', 'cb6e6cb1-975f-11ef-8682-0242ac140002', 'ec46e624-9735-11ef-8682-0242ac140002', 'admin đã tham gia!', 'JOIN', '2024-11-06 11:19:29');

-- --------------------------------------------------------

--
-- Cấu trúc bảng cho bảng `room_members`
--

CREATE TABLE `room_members` (
  `id` char(36) NOT NULL,
  `room_id` char(36) NOT NULL,
  `user_id` char(36) NOT NULL,
  `joined_at` timestamp NULL DEFAULT CURRENT_TIMESTAMP
) ENGINE=InnoDB DEFAULT CHARSET=utf8mb4 COLLATE=utf8mb4_0900_ai_ci;

--
-- Đang đổ dữ liệu cho bảng `room_members`
--

INSERT INTO `room_members` (`id`, `room_id`, `user_id`, `joined_at`) VALUES
('adc389ad-9a7e-11ef-81cf-0242ac140004', '9932ca42-9a7e-11ef-81cf-0242ac140004', 'ec46e624-9735-11ef-8682-0242ac140002', '2024-11-04 07:30:34'),
('adc3a2aa-9a7e-11ef-81cf-0242ac140004', '9932ca42-9a7e-11ef-81cf-0242ac140004', '65633435-6266-3165-2d39-3733352d3131', '2024-11-04 07:30:34');

-- --------------------------------------------------------

--
-- Cấu trúc bảng cho bảng `users`
--

CREATE TABLE `users` (
  `id` char(36) NOT NULL,
  `username` varchar(50) NOT NULL,
  `email` varchar(100) NOT NULL,
  `password` varchar(255) NOT NULL,
  `avatar_url` varchar(255) DEFAULT NULL,
  `is_online` tinyint(1) DEFAULT '0',
  `last_seen` timestamp NULL DEFAULT NULL,
  `created_at` timestamp NULL DEFAULT CURRENT_TIMESTAMP,
  `updated_at` timestamp NULL DEFAULT CURRENT_TIMESTAMP ON UPDATE CURRENT_TIMESTAMP
) ENGINE=InnoDB DEFAULT CHARSET=utf8mb4 COLLATE=utf8mb4_0900_ai_ci;

--
-- Đang đổ dữ liệu cho bảng `users`
--

INSERT INTO `users` (`id`, `username`, `email`, `password`, `avatar_url`, `is_online`, `last_seen`, `created_at`, `updated_at`) VALUES
('65633435-6266-3165-2d39-3733352d3131', 'user1', 'user1@example.com', 'user1', NULL, 0, NULL, '2024-10-31 03:12:12', '2024-10-31 07:43:53'),
('ec46d79f-9735-11ef-8682-0242ac140002', 'user2', 'user2@example.com', 'user2', NULL, 0, NULL, '2024-10-31 03:12:12', '2024-10-31 03:12:12'),
('ec46df77-9735-11ef-8682-0242ac140002', 'user3', 'user3@example.com', 'user3', NULL, 0, NULL, '2024-10-31 03:12:12', '2024-10-31 03:12:12'),
('ec46e34b-9735-11ef-8682-0242ac140002', 'user4', 'user4@example.com', 'user4', NULL, 0, NULL, '2024-10-31 03:12:12', '2024-10-31 03:12:12'),
('ec46e41d-9735-11ef-8682-0242ac140002', 'user5', 'user5@example.com', 'user5', NULL, 0, NULL, '2024-10-31 03:12:12', '2024-10-31 03:12:12'),
('ec46e495-9735-11ef-8682-0242ac140002', 'user6', 'user6@example.com', 'user6', NULL, 0, NULL, '2024-10-31 03:12:12', '2024-10-31 03:12:12'),
('ec46e4fd-9735-11ef-8682-0242ac140002', 'user7', 'user7@example.com', 'user7', NULL, 0, NULL, '2024-10-31 03:12:12', '2024-10-31 03:12:12'),
('ec46e55b-9735-11ef-8682-0242ac140002', 'user8', 'user8@example.com', 'user8', NULL, 0, NULL, '2024-10-31 03:12:12', '2024-10-31 03:12:12'),
('ec46e5c5-9735-11ef-8682-0242ac140002', 'user9', 'user9@example.com', 'user9', NULL, 0, NULL, '2024-10-31 03:12:12', '2024-10-31 03:12:12'),
('ec46e624-9735-11ef-8682-0242ac140002', 'admin', 'user10@example.com', 'admin', NULL, 0, NULL, '2024-10-31 03:12:12', '2024-10-31 08:31:24');

--
-- Chỉ mục cho các bảng đã đổ
--

--
-- Chỉ mục cho bảng `chat_rooms`
--
ALTER TABLE `chat_rooms`
  ADD PRIMARY KEY (`id`);

--
-- Chỉ mục cho bảng `messages`
--
ALTER TABLE `messages`
  ADD PRIMARY KEY (`id`),
  ADD KEY `room_id` (`room_id`),
  ADD KEY `sender_id` (`sender_id`);

--
-- Chỉ mục cho bảng `room_members`
--
ALTER TABLE `room_members`
  ADD PRIMARY KEY (`id`),
  ADD UNIQUE KEY `unique_room_member` (`room_id`,`user_id`),
  ADD KEY `user_id` (`user_id`);

--
-- Chỉ mục cho bảng `users`
--
ALTER TABLE `users`
  ADD PRIMARY KEY (`id`),
  ADD UNIQUE KEY `username` (`username`),
  ADD UNIQUE KEY `email` (`email`);

--
-- Các ràng buộc cho các bảng đã đổ
--

--
-- Các ràng buộc cho bảng `messages`
--
ALTER TABLE `messages`
  ADD CONSTRAINT `messages_ibfk_1` FOREIGN KEY (`room_id`) REFERENCES `chat_rooms` (`id`),
  ADD CONSTRAINT `messages_ibfk_2` FOREIGN KEY (`sender_id`) REFERENCES `users` (`id`);

--
-- Các ràng buộc cho bảng `room_members`
--
ALTER TABLE `room_members`
  ADD CONSTRAINT `room_members_ibfk_1` FOREIGN KEY (`room_id`) REFERENCES `chat_rooms` (`id`),
  ADD CONSTRAINT `room_members_ibfk_2` FOREIGN KEY (`user_id`) REFERENCES `users` (`id`);
COMMIT;

/*!40101 SET CHARACTER_SET_CLIENT=@OLD_CHARACTER_SET_CLIENT */;
/*!40101 SET CHARACTER_SET_RESULTS=@OLD_CHARACTER_SET_RESULTS */;
/*!40101 SET COLLATION_CONNECTION=@OLD_COLLATION_CONNECTION */;
